x_coordinate,y_coordinate,Cell_Type,TCN_Label
44.25038168,234.30534351,Epithelial,1
32.04347826,417.74637681,CD8T,1
37.19476744,438.99418605,Tumor/EGFR,1
37.41084165,481.70756063,Epithelial,1
33.29078014,555.12765957,Epithelial,1
33.24651163,747.46046512,Mesenchymal/SMA,1
43.56906077,787.65469613,Epithelial,1
37.35897436,801.29487179,Other,1
47.28140704,845.69246231,Tumor/EGFR,1
37.20300752,1002.12781955,Epithelial,1
44.22947368,1066.63684211,Epithelial,1
42.52052786,1741.10703812,CD11c-high,1
32.40566038,1938.32075472,Epithelial,1
41.18158568,1999.44245524,Epithelial,1
38.16233766,1707.12662338,MF_1,1
39.90707965,394.23893805,Other,1
51.69073406,1647.98796631,Epithelial,1
51.10277325,330.83849918,Mesenchymal/SMA,1
52.76095618,414.97709163,Epithelial,1
54.8622291,1117.49380805,Epithelial,1
53.782881,474.08977035,Tumor/EGFR,1
59.02366864,752.16370809,Epithelial,1
58.85347044,871.63239075,Tumor/EGFR,1
57.93849658,1719.69476082,CD8T,1
61.46317512,1092.05237316,Tumor/EGFR,1
65.85939742,221.58680057,Epithelial,1
65.1986755,524.21059603,Epithelial,1
60.35679612,672.34708738,Mesenchymal/SMA,1
62.86363636,1772.31818182,MF_1,1
66.9862543,921.17869416,Epithelial,1
75.14925373,2010.8315565,Epithelial,1
71.84594595,1236.74594595,Epithelial,1
80.10701956,1831.42347526,Epithelial,1
67.52432432,1637.75675676,Epithelial,1
71.28099174,692.41046832,Epithelial,1
86.06458192,480.90686608,Epithelial,1
80.79107505,245.51724138,Epithelial,1
81.60166667,1854.07666667,Epithelial,1
80.79784689,895.35287081,Tumor/EGFR,1
75.34482759,1543.47844828,Epithelial,1
72.8,401.82105263,Tumor/EGFR,1
74.29901961,1880.32843137,B,1
75.50746269,412.13432836,Tumor/EGFR,1
76.80555556,666.48809524,Epithelial,1
74.81818182,1113.26363636,Tumor/EGFR,1
74.7245509,1650.41916168,Epithelial,1
84.66213152,1139.93877551,Epithelial,1
89.98056995,1158.47020725,Epithelial,1
76.74789916,748.3697479,Epithelial,1
91.68161926,329.38183807,CD11c-high,1
88.94695788,395.6599064,Epithelial,1
89.6918239,269.73427673,Epithelial,1
87.866171,564.7063197,Epithelial,1
90.41359223,371.32621359,Mesenchymal/SMA,1
86.81481481,937.74603175,Epithelial,1
95.98415842,1177.96831683,Epithelial,1
94.39218524,698.55716353,Epithelial,1
88.39631336,1458.2764977,CD8T,1
88.71782178,921.57425743,Epithelial,1
92.75854214,1124.08656036,Epithelial,1
91.64871194,1423.74473068,MF_1,1
89.60273973,1981.32876712,Epithelial,1
99.11661342,519.59025559,Epithelial,1
88.92920354,871.6460177,Tumor/EGFR,1
87.99122807,1818.74561404,Epithelial,1
96.34296029,294.09566787,Other,1
97.05607477,1049.2741433,Epithelial,1
103.09566787,1449.44223827,MF_1,1
98.83746556,1997.3030303,Epithelial,1
102.56348074,900.57774608,Epithelial,1
100.6275,1010.6475,CD11c-high,1
97.57653061,1963.82653061,Epithelial,1
105.79624665,1094.31903485,Tumor/EGFR,1
101.24657534,1701.55577299,Epithelial,1
106.56451613,237.87258065,Epithelial,1
105.50643087,441.74919614,Epithelial,1
94.53488372,2015.11627907,Epithelial,1
108.6275395,930.30248307,Epithelial,1
106.18235294,1974.77647059,Epithelial,1
107.44471154,1341.265625,Epithelial,1
109.728125,800.88125,Other,1
115.15081967,1225.26557377,Epithelial,1
117.14191853,1669.15900131,CD8T,1
107.64423077,367.10576923,Epithelial,1
114.33954451,181.58592133,Epithelial,1
109.79439252,1120.34579439,Epithelial,1
108.86390533,1420.14201183,Epithelial,1
119.9471891,875.61669506,Epithelial,1
116.14204545,1529.05681818,Other,1
114.73571429,1988.60357143,Epithelial,1
113.91549296,286.82394366,Other,1
127.18411552,428.51504212,Epithelial,1
116.92272727,1021.56363636,MF_1,1
119.59863946,905.37188209,Epithelial,1
119.15343915,1006.97883598,Epithelial,1
130.9338843,946.20661157,Tumor/Keratin,1
130.15655853,588.10155148,Epithelial,1
123.95140665,1302.52941176,CD8T,1
126.06034483,1160.23275862,Epithelial,1
135.70362158,529.50997783,Epithelial,1
139.36707566,560.05623722,Epithelial,1
135.10301109,1289.01267829,MF_1,1
128.7784522,241.07587253,Epithelial,1
124.54316547,1343.49640288,Other,1
125.28861789,1088.3699187,Tumor/EGFR,1
135.12865497,84.23196881,Epithelial,1
132.71728972,1112.81775701,Epithelial,1
130.41428571,176.76666667,Epithelial,1
129.60828025,1236.76751592,Epithelial,1
144.31026786,618.51116071,Epithelial,1
133.62081784,1524.38289963,Epithelial,1
131.17021277,1096.63829787,Tumor/EGFR,1
141.32735426,1136.98206278,Epithelial,1
138.35897436,1364.85128205,Epithelial,1
159.75910194,466.6565534,Epithelial,1
139.87445887,1482.39393939,Epithelial,1
142.35135135,889.64324324,Mesenchymal/SMA,1
145.56349206,282.52777778,Epithelial,1
150.58770344,1856.25678119,Epithelial,1
147.93693694,396.96696697,MF_1,1
150.73076923,693.54195804,Epithelial,1
146.47727273,814.54545455,Epithelial,1
146.24832215,1277.86577181,Epithelial,1
152.43396226,1121.15363881,Epithelial,1
154.21705426,2009.54263566,CD4T,1
148.88764045,423.73033708,Epithelial,1
160.80131363,870.81609195,Epithelial,1
163.3267148,962.32129964,Tumor/Keratin,1
162.82051282,1215.59784076,Epithelial,1
159.92821369,1091.66777963,Epithelial,1
157.42914172,448.93612774,Epithelial,1
158.43424318,515.51364764,Tumor/EGFR,1
162.76721311,1029.86721311,Epithelial,1
167.62334218,357.25066313,Epithelial,1
158.77848101,761.24367089,Other,1
164.98087739,922.28571429,Tumor/EGFR,1
164.12980769,744.86378205,CD8T,1
158.99307958,1751.01384083,Epithelial,1
169.84244373,945.32636656,Tumor/EGFR,1
160.30597015,1705.8358209,Epithelial,1
168.90881913,235.30343797,Epithelial,1
161.70383275,277.69686411,Epithelial,1
168.14988814,1686.77181208,Epithelial,1
165.38228438,1139.96503497,Epithelial,1
170.96759941,1777.31369661,Epithelial,1
165.50515464,1873.93814433,Neutrophil,1
164.19526627,1396.0591716,Epithelial,1
165.8343949,687.24203822,Epithelial,1
183.12334353,605.24872579,Epithelial,1
175.5389755,194.25389755,Epithelial,1
172.7037037,2009.28806584,Epithelial,1
182.61877395,1705.04214559,Epithelial,1
181.31088083,318.92400691,CD8T,1
194.90086831,547.87337192,Epithelial,1
186.32336449,1090.21495327,Epithelial,1
193.67218543,868.8388521,Epithelial,1
187.95552561,59.76549865,Epithelial,1
189.33333333,357.0230608,Other,1
185.01809955,914.41628959,Mesenchymal/SMA,1
185.21078431,236.14705882,Epithelial,1
196.55083333,1453.47,Epithelial,1
185.96698113,1209.21226415,Epithelial,1
185.36324786,1771.12393162,Epithelial,1
202.14886731,292.5210356,Epithelial,1
191.84289277,842.34663342,Epithelial,1
198.19972826,1141.42663043,Epithelial,1
191.38481675,409.48167539,Epithelial,1
191.6,468.25873016,Epithelial,1
198.11462451,636.83794466,Epithelial,1
195.95902689,795.99103713,Epithelial,1
194.13141026,747.58653846,Epithelial,1
196.01232877,196.33561644,Epithelial,1
204.30116959,1120.57017544,Epithelial,1
201.72540984,41.4897541,Epithelial,1
206.34683955,1261.41329011,Epithelial,1
209.13367609,956.33419023,Epithelial,1
216.65233881,506.30594185,Epithelial,1
201.19047619,1767.41156463,Epithelial,1
209.41193182,620.54545455,Epithelial,1
209.06497175,827.5480226,MF_1,1
214.67917206,1588.25873221,CD11c-high,1
207.34358974,1871.89230769,Other,1
208.9330254,777.53579677,Epithelial,1
210.73747017,1287.69689737,Epithelial,1
208.78151261,1793.27170868,Epithelial,1
207.81702128,598.56170213,Epithelial,1
221.18172378,674.73520249,Epithelial,1
211.37994723,850.19261214,Epithelial,1
219.15349544,529.19148936,Epithelial,1
209.49315068,465.38356164,Epithelial,1
214.02255639,188.21052632,Epithelial,1
219.20206186,340.85979381,Epithelial,1
217.81139489,427.5324165,Epithelial,1
221.20242915,1447.25303644,Epithelial,1
223.72072072,1017.57432432,Epithelial,1
220.8822314,1219.33677686,Epithelial,1
224.59162304,883.34947644,B,1
231.77939646,1164.0541103,Epithelial,1
228.9684466,586.92475728,Tumor/EGFR,1
222.16065574,917.67868852,MF_1,1
228.29601518,1127.0455408,Epithelial,1
222.91351351,1819.20540541,Epithelial,1
234.34688347,448.46476965,Epithelial,1
228.09065934,1272.12362637,Epithelial,1
229.65757576,1573.18484848,CD11c-high,1
230.69035533,388.95939086,Epithelial,1
225.9821883,615.84987277,Epithelial,1
224.94219653,1145.23121387,Epithelial,1
225.25373134,1333.17164179,Epithelial,1
231.74937965,781.12655087,Epithelial,1
224.83333333,1803.19047619,Epithelial,1
236.61814745,1382.38941399,CD8T,1
233.50556793,1292.96659243,Epithelial,1
245.10782241,181.96300211,Epithelial,1
243.10824742,942.40206186,Epithelial,1
237.06060606,1056.53168044,Epithelial,1
237.88648649,1396.26486486,Epithelial,1
247.2513369,965.5,Epithelial,1
241.01404494,1194.39606742,MF_1,1
245.06964286,115.55357143,Epithelial,1
236.52755906,336.1023622,Epithelial,1
240.27837838,1444.44324324,Epithelial,1
250.37940379,432.49186992,Epithelial,1
237.535,923.665,Other,1
240.81415929,610.24778761,Epithelial,1
256.52135593,1558.45830508,Tumor/EGFR,1
243.42857143,142.93181818,Epithelial,1
244.92682927,885.69207317,B,1
245.09558824,650.59191176,Epithelial,1
240.11570248,524.33884298,Mesenchymal/SMA,1
247.42506812,732.9346049,CD8T,1
245.07823129,1904.95238095,Other,1
251.78740157,774.23097113,Tumor/EGFR,1
260.78172589,1257.35850254,Epithelial,1
246.4137931,1940.94827586,Epithelial,1
256.23591549,134.02464789,Epithelial,1
253.26233766,1464.65714286,Epithelial,1
251.91133005,1051.09359606,MF_1,1
254.87688442,1028.77135678,Mesenchymal/SMA,1
256.77142857,1348.81428571,Other,1
254.83018868,1377.49056604,Epithelial,1
260.96614583,470.70833333,Epithelial,1
271.83150985,1444.55725748,Epithelial,1
279.26916058,1003.85218978,Epithelial,1
268.05950653,1147.56023222,Epithelial,1
266.23005566,1621.67346939,CD8T,1
263.67158672,198.67158672,Epithelial,1
265.31237323,233.9127789,Epithelial,1
263.67879747,646.53322785,Epithelial,1
263.86688312,1640.00649351,Epithelial,1
276.90977444,159.42669173,Epithelial,1
270.97971602,491.43813387,Other,1
275.66582915,554.64907873,Epithelial,1
260.85490196,1896.72156863,CD8T,1
283.09486166,889.16916996,Epithelial,1
263.46540881,112.86792453,Epithelial,1
281.5745614,300.63157895,Epithelial,1
272.40714286,1112.46190476,Epithelial,1
276.71885522,1028.56397306,Epithelial,1
269.32222222,127.67777778,Other,1
281.01151631,212.01535509,Epithelial,1
278.48192771,1287.89156627,Epithelial,1
282.98956781,187.19970194,Epithelial,1
286.26811594,811.38695652,Epithelial,1
281.12790698,639.21124031,Epithelial,1
289.1223301,233.61747573,Epithelial,1
286.42790698,514.79767442,Mesenchymal/SMA,1
290.55569948,1388.83031088,Tumor/EGFR,1
280.77659574,1637.0106383,Epithelial,1
294.86934673,1797.84045226,Epithelial,1
289.15142857,1141.50571429,CD11c-high,1
292.74736842,1622.17719298,MF_1,1
293.9298893,386.24907749,Epithelial,1
296.53020134,1105.11241611,Epithelial,1
300.0,1544.83853007,Epithelial,1
305.87433762,1276.70476911,Epithelial,1
303.2965368,603.32900433,Tumor/EGFR,1
307.74114441,1159.92643052,Epithelial,1
300.91257996,1430.52665245,Tumor/EGFR,1
298.69101124,434.03932584,Epithelial,1
310.32819723,633.25885978,Epithelial,1
303.21521036,956.10517799,Epithelial,1
306.62671906,1233.71316306,Epithelial,1
303.87934186,1907.86837294,Epithelial,1
307.22911051,1382.11859838,Epithelial,1
318.19968677,216.65387627,Epithelial,1
308.43949045,1447.70382166,Tumor/EGFR,1
308.83665339,510.33864542,Mesenchymal/SMA,1
312.60966543,799.0464684,Epithelial,1
310.22922636,1515.11031519,Epithelial,1
325.11951044,671.23830094,Epithelial,1
311.73487032,405.3573487,Epithelial,1
324.56400742,757.16697588,Epithelial,1
311.50588235,380.42352941,Epithelial,1
321.3761194,744.32238806,Epithelial,1
319.15441176,858.03676471,Epithelial,1
320.5094697,1222.48674242,Other,1
312.91338583,1843.1496063,Epithelial,1
312.2611465,1617.63057325,Epithelial,1
320.74200913,1332.15068493,MF_1,1
315.89784946,1791.51612903,Epithelial,1
319.92250923,1952.79335793,Other,1
323.91695502,424.28373702,Epithelial,1
320.2480315,1251.51181102,Epithelial,1
322.125,1432.38802083,Epithelial,1
320.94444444,714.26143791,Epithelial,1
319.79916318,950.25104603,Epithelial,1
331.97129909,1922.59214502,MF_1,1
321.55288462,1903.10096154,Other,1
325.88768116,933.4384058,Epithelial,1
323.36134454,1539.64705882,Epithelial,1
335.09375,793.51654412,Epithelial,1
332.36788875,1502.3426043,Epithelial,1
329.73482428,627.50479233,Epithelial,1
327.83255814,1144.81395349,Epithelial,1
340.1993517,774.21393841,Epithelial,1
332.3126935,528.36532508,Epithelial,1
338.42705314,592.07246377,Epithelial,1
337.47982063,1344.66816143,CD11c-high,1
331.53913043,980.86376812,Epithelial,1
345.09583859,315.48045397,Epithelial,1
333.38690476,920.96428571,Epithelial,1
347.27120224,255.3028891,Epithelial,1
335.24747475,721.28787879,Epithelial,1
340.79633028,1306.97431193,MF_1,1
338.27777778,709.34259259,Epithelial,1
337.30693069,854.10891089,Epithelial,1
345.24737945,1197.83438155,Epithelial,1
353.7521815,553.54450262,Epithelial,1
340.44615385,828.83846154,Epithelial,1
341.11564626,105.17006803,Epithelial,1
344.64159292,504.63716814,Epithelial,1
346.89442815,1667.48973607,CD8T,1
349.11284047,160.19844358,Epithelial,1
350.68085106,1496.65425532,Epithelial,1
348.08219178,1645.28082192,Other,1
359.79294118,667.37294118,Epithelial,1
364.43804756,705.14893617,Epithelial,1
357.96703297,1567.6978022,Epithelial,1
362.05445545,114.74917492,Epithelial,1
363.04787234,286.30851064,Epithelial,1
361.25577265,73.9928952,Epithelial,1
360.12062257,1106.46692607,Epithelial,1
358.74814815,1302.21111111,CD11c-high,1
361.54061625,587.18207283,Tumor/EGFR,1
362.57307692,830.12307692,CD8T,1
363.44554455,1653.07920792,CD8T,1
371.87449933,1197.13751669,CD11c-high,1
365.22402597,1913.4025974,Epithelial,1
365.20718232,2007.98066298,CD4T,1
365.06995885,1896.04115226,Epithelial,1
370.13917526,33.66494845,Tumor/EGFR,1
377.0472103,420.89699571,Other,1
367.39069767,564.62790698,Epithelial,1
376.16198704,1880.51187905,Mesenchymal/SMA,1
376.12244898,260.9005102,Epithelial,1
378.93233083,1390.91165414,Epithelial,1
374.5399361,1562.58466454,Epithelial,1
374.98319328,64.98319328,Epithelial,1
385.71804511,1089.37468672,Epithelial,1
392.0090535,1788.01481481,Epithelial,1
380.38967136,830.55633803,CD8T,1
379.33175355,1644.88151659,Other,1
383.44444444,1658.81777778,CD4T,1
384.94285714,280.97142857,Epithelial,1
388.14438503,1224.71122995,Other,1
392.44236311,126.96829971,Epithelial,1
394.32198953,579.34031414,Epithelial,1
395.55010661,1046.17697228,Epithelial,1
393.85240964,1064.17771084,Epithelial,1
392.77884615,1212.52884615,MF_1,1
395.6584022,292.91460055,Epithelial,1
398.53415061,456.98423818,Epithelial,1
400.3933518,624.08864266,Epithelial,1
397.16260163,273.07317073,Epithelial,1
398.28389831,758.27966102,Epithelial,1
394.48717949,1193.16666667,CD8T,1
395.97032641,1878.115727,Tumor/Keratin,1
399.79384615,827.65538462,Epithelial,1
417.36250861,350.96623019,Epithelial,1
407.00167504,1727.06197655,Epithelial,1
398.34730539,1386.41916168,Epithelial,1
398.68,1930.28571429,Epithelial,1
411.80136986,192.63972603,MF_1,1
406.03908795,1082.37459283,Epithelial,1
408.98860399,1015.05982906,Epithelial,1
408.50437318,119.71137026,Epithelial,1
417.76547231,436.31270358,Epithelial,1
419.15128449,724.70028544,Epithelial,1
404.95505618,1203.96629213,Epithelial,1
416.4767642,493.42512909,Epithelial,1
414.14913658,1707.16012559,Epithelial,1
411.64435146,776.76150628,Epithelial,1
418.30958231,819.39434889,Epithelial,1
409.07446809,1216.56382979,MF_1,1
411.76612903,284.7983871,Epithelial,1
421.35494881,1451.56143345,Other,1
415.52272727,748.02272727,Epithelial,1
420.60044395,1806.56492786,Epithelial,1
418.69465649,1046.23282443,Epithelial,1
419.83585859,1060.63888889,Epithelial,1
414.31818182,473.46969697,Epithelial,1
417.99019608,764.92647059,Epithelial,1
417.07109005,620.82938389,Epithelial,1
435.46127946,1099.13468013,Epithelial,1
416.44,1037.72,Epithelial,1
429.08610792,1886.58208955,Epithelial,1
427.39393939,606.03189793,Epithelial,1
433.09733701,1321.37006428,Epithelial,1
421.71255061,1213.87449393,MF_1,1
426.14357683,1759.84130982,Epithelial,1
426.16755319,1010.08244681,Epithelial,1
422.7979798,474.60606061,Epithelial,1
442.49770291,1848.75803982,Epithelial,1
438.08485857,1788.80366057,Epithelial,1
429.65853659,2014.2195122,Epithelial,1
444.68891403,703.89027149,Epithelial,1
432.03757225,762.01445087,Epithelial,1
434.27160494,1220.31687243,Other,1
437.26271186,1823.17231638,Epithelial,1
438.75652174,125.55942029,Epithelial,1
441.77831325,53.15421687,Epithelial,1
443.16427432,1703.54226475,Epithelial,1
444.64402174,1879.03532609,Epithelial,1
441.34188034,1445.33760684,CD8T,1
446.40608229,1760.44186047,MF_1,1
449.21727749,1018.19109948,MF_1,1
448.8556701,724.68041237,Epithelial,1
450.55090656,859.55648536,Epithelial,1
444.75838926,1053.29530201,Epithelial,1
456.51322115,1680.08774038,Epithelial,1
452.57211538,76.14663462,Epithelial,1
465.19714656,447.98184176,Mesenchymal/SMA,1
456.31955923,233.38567493,Epithelial,1
455.28448276,288.09913793,Epithelial,1
459.93902439,430.08536585,Epithelial,1
458.12454212,1318.01648352,Tumor/Keratin,1
462.33064516,1740.40927419,Epithelial,1
460.409375,1069.821875,CD4T,1
465.32018561,740.26682135,Epithelial,1
467.27722772,60.2019802,Epithelial,1
467.27403846,1010.84615385,Epithelial,1
473.27411168,1024.17258883,CD11c-high,1
471.72727273,1955.26194145,Epithelial,1
467.9058296,821.15695067,Epithelial,1
479.99233491,406.15035377,Epithelial,1
468.51834862,697.7293578,Epithelial,1
474.70520231,791.02312139,Epithelial,1
469.13672922,853.64075067,Epithelial,1
475.81434059,135.75672215,Epithelial,1
473.27092511,2005.84801762,Epithelial,1
477.3890411,760.00273973,Epithelial,1
476.70634921,975.65343915,Epithelial,1
476.10049423,1325.65897858,Epithelial,1
479.04740406,1044.21670429,CD11c-high,1
479.03828829,1805.51576577,Epithelial,1
487.29140461,1834.35324948,Epithelial,1
480.62385321,1507.25458716,Epithelial,1
476.89285714,180.52678571,Epithelial,1
479.55813953,1669.20930233,Epithelial,1
501.48305696,1356.88031723,Epithelial,1
483.94407895,728.27960526,Epithelial,1
489.66216216,1339.36486486,Epithelial,1
481.77197802,1737.64010989,Epithelial,1
490.54754098,82.49508197,Epithelial,1
481.23684211,823.11578947,Epithelial,1
488.48401826,538.01826484,Epithelial,1
487.42748092,742.58015267,Epithelial,1
492.8411215,808.79626168,Epithelial,1
489.49450549,1152.63956044,Epithelial,1
493.89787234,1485.78723404,Epithelial,1
489.84759358,1252.05882353,MF_1,1
493.7079646,193.22566372,Epithelial,1
494.78497409,1035.4611399,Epithelial,1
499.93610224,1745.6884984,Epithelial,1
489.56378601,1998.79835391,Epithelial,1
507.00179533,1706.43626571,Epithelial,1
505.27839851,1930.0744879,Epithelial,1
504.95773081,755.30923248,Epithelial,1
503.39235127,925.09206799,Epithelial,1
505.47933884,1281.8553719,Epithelial,1
500.91189427,398.97356828,Mesenchymal/SMA,1
497.44680851,1504.0,Epithelial,1
502.92190476,1813.94666667,Epithelial,1
514.43702684,1894.88506538,Epithelial,1
502.63837638,416.25830258,Epithelial,1
504.3359375,470.5625,Epithelial,1
511.37080868,175.85798817,Epithelial,1
503.1875,727.7625,Epithelial,1
505.90559441,512.93706294,Tumor/EGFR,1
516.55014327,1245.55444126,CD11c-high,1
513.03962264,555.06792453,Mesenchymal/SMA,1
512.04741379,430.56034483,Epithelial,1
513.22908367,811.80079681,Epithelial,1
511.03763441,608.30107527,Epithelial,1
516.62209302,1849.33914729,Epithelial,1
519.08170515,984.14564831,Epithelial,1
516.54661792,1541.83546618,Epithelial,1
524.25626204,461.30635838,Epithelial,1
526.33024119,524.22820037,Tumor/EGFR,1
524.82280702,485.86140351,Epithelial,1
528.26497278,253.64065336,MF_1,1
518.29032258,935.73387097,Epithelial,1
522.13091922,954.25626741,Epithelial,1
522.21428571,237.12987013,Other,1
522.67521368,364.25641026,Epithelial,1
529.56378601,1347.94855967,Epithelial,1
515.80232558,725.65116279,Tumor/EGFR,1
523.72356215,1819.23747681,Epithelial,1
529.92566783,57.32636469,Epithelial,1
530.87124464,895.35622318,MF_1,1
533.43468208,201.02080925,Epithelial,1
530.80851064,432.7781155,Epithelial,1
540.23862487,814.92012133,Epithelial,1
541.12572254,410.43641618,Epithelial,1
542.37919075,98.79190751,Epithelial,1
533.25083612,1537.59197324,Epithelial,1
540.93877551,131.7585034,Epithelial,1
541.64285714,1737.06309524,Epithelial,1
546.17154255,670.49069149,Tumor/EGFR,1
535.37953795,1846.38613861,Tumor/EGFR,1
543.44924812,730.58082707,Epithelial,1
547.25989673,947.70567986,Epithelial,1
537.50917431,978.25688073,Tumor/EGFR,1
545.34749035,1296.81853282,CD11c-high,1
538.62909091,1814.63272727,Epithelial,1
542.75800712,1974.46975089,Epithelial,1
553.92826644,241.64133219,Epithelial,1
539.27687296,1891.51791531,Epithelial,1
538.00877193,359.4122807,Epithelial,1
541.18571429,911.31428571,MF_1,1
546.17358491,1000.73584906,Mesenchymal/SMA,1
544.0,41.62745098,Tumor/EGFR,1
546.988,80.244,Epithelial,1
545.38538206,1645.71428571,CD11c-high,1
551.65498155,161.58856089,Epithelial,1
562.9006462,759.39660743,Epithelial,1
544.75862069,887.55172414,Other,1
560.20833333,193.52864583,Epithelial,1
550.7972973,848.4954955,Epithelial,1
553.21797753,1568.67640449,Epithelial,1
555.06340058,66.13544669,Epithelial,1
558.3111588,903.17811159,MF_1,1
564.2356935,1958.14645975,Epithelial,1
557.7385159,1362.25795053,Epithelial,1
556.195,721.53,Epithelial,1
563.32692308,1291.36538462,Other,1
566.99576271,837.26694915,Epithelial,1
567.05872193,996.16407599,Mesenchymal/SMA,1
562.94736842,1016.77511962,Epithelial,1
563.73931624,662.55128205,Tumor/EGFR,1
566.86833856,85.35109718,Epithelial,1
565.00966184,808.3236715,Epithelial,1
570.25833333,158.25208333,Epithelial,1
570.38215103,1079.93135011,Epithelial,1
567.06264501,107.36194896,Epithelial,1
573.76111111,503.58472222,Epithelial,1
572.32411674,728.81259601,Epithelial,1
578.99752781,1180.32880099,Epithelial,1
562.94326241,1731.0070922,Epithelial,1
576.06203474,1849.75806452,Epithelial,1
577.41891892,289.2957958,Mesenchymal/SMA,1
570.85655738,1374.69672131,Epithelial,1
579.82994924,1397.01903553,Epithelial,1
580.02727273,945.34155844,Epithelial,1
570.38848921,1563.27697842,Epithelial,1
590.22063037,1925.46513849,Epithelial,1
576.47043011,233.1344086,Epithelial,1
579.64439141,632.89976134,Epithelial,1
576.78521127,871.29225352,Epithelial,1
587.80434783,1364.0367893,Epithelial,1
574.6076555,898.31578947,Other,1
584.25845411,1022.49033816,Mesenchymal/SMA,1
590.86299213,339.27716535,Epithelial,1
589.27548807,82.74403471,Epithelial,1
582.76829268,150.23780488,Epithelial,1
582.5257732,100.78350515,Epithelial,1
594.96254682,280.75780275,Epithelial,1
584.70935961,996.08374384,Mesenchymal/SMA,1
596.94991922,204.38772213,Epithelial,1
603.8992,744.6392,Epithelial,1
590.47282609,835.5951087,Tumor/EGFR,1
589.10096154,1077.0625,Epithelial,1
590.75813953,498.62325581,Tumor/EGFR,1
594.8025,1464.015,Epithelial,1
594.99450549,1837.08241758,CD8T,1
595.62878788,547.6010101,Tumor/EGFR,1
594.09119497,1818.46226415,CD8T,1
602.238,854.674,Epithelial,1
601.61564626,938.84013605,Mesenchymal/SMA,1
600.76923077,979.49095023,Tumor/EGFR,1
606.89923954,188.65589354,Epithelial,1
611.43892751,320.24826216,Epithelial,1
603.88131313,1576.17676768,Epithelial,1
606.34444444,164.70888889,Epithelial,1
600.6440678,1030.0,Epithelial,1
604.05092593,1901.00462963,Epithelial,1
610.88955224,1007.57910448,Epithelial,1
612.5286783,1555.83042394,Epithelial,1
618.08365019,1197.0,Epithelial,1
612.06306306,340.15315315,Mesenchymal/SMA,1
621.61759082,1358.25047801,Epithelial,1
615.60913706,1410.36040609,Epithelial,1
612.84931507,714.68493151,Mesenchymal/SMA,1
609.56470588,1368.95882353,Epithelial,1
611.76,1459.31,Epithelial,1
611.54198473,1817.72519084,CD8T,1
622.23333333,284.76078431,Epithelial,1
611.41758242,545.66300366,Tumor/EGFR,1
615.55416667,1026.25833333,Epithelial,1
612.75179856,1837.15827338,Other,1
618.30589849,1954.49108368,Epithelial,1
614.15897436,151.22564103,Epithelial,1
628.27929825,569.64350877,Epithelial,1
624.64566929,908.34251969,Other,1
622.1238806,123.49850746,Epithelial,1
620.37709497,935.32681564,Epithelial,1
617.3630363,1386.77557756,Epithelial,1
622.44584383,1721.97229219,CD4T,1
620.44354839,1803.40322581,Epithelial,1
641.23561151,644.07074341,Epithelial,1
617.98666667,918.37333333,Other,1
621.68075117,954.87793427,Epithelial,1
630.64470842,993.82721382,Epithelial,1
621.65384615,141.29807692,MF_1,1
632.87794433,171.79443255,Epithelial,1
635.08470588,607.98705882,Epithelial,1
632.10638298,1925.61276596,Epithelial,1
632.68652038,153.68652038,Epithelial,1
640.10285714,1290.73714286,CD11c-high,1
640.90394973,1385.59245961,Epithelial,1
627.11904762,734.35714286,Epithelial,1
630.73553719,1866.9214876,MF_1,1
630.7037037,1942.0617284,Tumor/Keratin,1
636.08571429,1191.82857143,Epithelial,1
646.34824281,1712.4142705,Epithelial,1
646.6323319,1443.0658083,Epithelial,1
641.48717949,2006.38763198,Epithelial,1
636.71563981,118.1042654,Epithelial,1
639.15704388,1651.51270208,Epithelial,1
635.95477387,1957.08040201,Epithelial,1
645.99828473,799.15780446,Epithelial,1
644.95492487,1683.93155259,CD11c-high,1
656.89701402,279.97074954,Epithelial,1
642.99025974,904.69805195,MF_1,1
641.66883117,1535.73701299,Epithelial,1
652.72952087,81.54404946,Epithelial,1
650.7460733,695.10209424,Epithelial,1
648.91531532,1938.22342342,Epithelial,1
650.70699433,1859.41398866,MF_1,1
655.96710526,1029.19298246,Epithelial,1
658.34554335,1005.26495726,Epithelial,1
656.91097923,1284.52522255,Other,1
661.38099902,1911.35455436,Epithelial,1
654.93822394,64.55598456,Epithelial,1
656.66533865,578.0876494,Epithelial,1
672.15457413,965.82176656,Epithelial,1
653.43589744,175.15750916,Epithelial,1
655.99726776,138.80601093,Epithelial,1
660.0465587,1573.27530364,CD11c-high,1
654.35294118,1647.6,Epithelial,1
655.32673267,1976.23267327,Epithelial,1
666.88078292,121.48576512,Epithelial,1
661.90726817,218.83458647,Epithelial,1
656.36885246,812.0,Epithelial,1
659.50764526,901.17737003,MF_1,1
662.35768262,1408.10831234,Epithelial,1
661.31515152,187.3030303,Epithelial,1
661.39240506,2005.93670886,Epithelial,1
663.46808511,544.30699088,Epithelial,1
663.93279022,1486.0203666,Epithelial,1
664.16460905,1376.218107,Epithelial,1
669.02169197,1638.164859,Epithelial,1
669.97699115,161.54159292,Epithelial,1
668.5037037,917.25925926,Epithelial,1
674.84303112,1988.70500677,Epithelial,1
666.59090909,690.36363636,Epithelial,1
670.83009709,235.5776699,Epithelial,1
677.65129683,518.59510086,Epithelial,1
668.21296296,793.97222222,Epithelial,1
673.35281385,1804.32900433,CD4T,1
681.07760814,1681.72264631,Epithelial,1
669.25954198,139.93129771,MF_1,1
672.60431655,536.74820144,Epithelial,1
676.87347561,1759.15853659,Epithelial,1
669.77165354,639.75590551,Epithelial,1
677.16666667,1551.74863388,MF/Glia,1
684.92907801,996.9822695,Tumor/EGFR,1
688.01485884,220.23625557,Epithelial,1
680.55211268,1409.28450704,Epithelial,1
688.56354515,1938.98578595,Epithelial,1
698.66404199,1023.00174978,Epithelial,1
680.45808383,1480.27844311,Epithelial,1
685.72577697,331.32175503,Epithelial,1
682.74319066,917.53307393,Endothelial/Vim,1
687.03703704,537.6031746,Epithelial,1
690.96987952,1569.1064257,MF_1,1
707.04328687,654.96771827,Epithelial,1
691.13296399,1750.88919668,Other,1
691.8503937,1998.49868766,Epithelial,1
701.42290352,147.54012624,Epithelial,1
697.33429395,355.04899135,Epithelial,1
698.49009901,1516.1320132,Epithelial,1
691.1443299,1799.5,CD8T,1
694.84285714,291.375,Epithelial,1
702.91339869,488.09803922,Tumor/EGFR,1
693.68095238,1592.08571429,Other,1
702.67677946,192.53792299,Epithelial,1
696.29777778,912.91555556,Epithelial,1
696.08849558,1403.92477876,Epithelial,1
694.66101695,1547.55084746,CD11c-high,1
696.68722467,1886.15859031,Epithelial,1
697.50526316,303.55789474,Epithelial,1
709.70588235,522.98552036,Epithelial,1
698.88495575,56.82300885,Epithelial,1
708.44080146,262.62750455,Epithelial,1
697.97163121,1628.68085106,Endothelial/Vim,1
703.47774481,325.22255193,Epithelial,1
704.72596154,1379.23076923,Epithelial,1
703.42990654,1675.78193146,Epithelial,1
710.09506399,1618.85191956,Epithelial,1
720.8009828,998.1965602,Epithelial,1
707.58912387,1561.78851964,Epithelial,1
707.86046512,1916.37790698,Epithelial,1
705.19791667,340.4375,Tumor/EGFR,1
710.85587583,1874.98891353,Epithelial,1
720.0474359,179.36282051,Epithelial,1
714.38325991,1397.77092511,Epithelial,1
718.28008753,1812.51422319,Epithelial,1
713.85204082,349.83673469,Epithelial,1
724.08025682,1041.16211878,Tumor/EGFR,1
720.13213213,414.38438438,Mesenchymal/SMA,1
724.82465278,1190.98784722,Epithelial,1
720.89748549,1974.36943907,MF_1,1
717.87971698,1517.82075472,Epithelial,1
731.39655172,1247.36063218,Epithelial,1
721.55485893,1755.61128527,CD11c-high,1
721.90265487,135.84955752,Epithelial,1
720.07017544,1372.4619883,Epithelial,1
723.32394366,1672.93360161,Epithelial,1
723.88323353,226.00898204,Epithelial,1
733.0451505,1316.02675585,Epithelial,1
733.008867,255.11428571,Epithelial,1
733.70666667,1168.60190476,Epithelial,1
732.05111821,1426.72044728,CD8T,1
736.59625213,718.35434412,Epithelial,1
730.26666667,871.90434783,Epithelial,1
728.74315789,1494.93684211,Epithelial,1
731.83416252,1606.24709784,Epithelial,1
733.68971963,1864.12149533,Other,1
731.83050847,1766.94915254,MF_1,1
735.87138264,1072.65594855,Epithelial,1
733.98364486,1889.49065421,CD11c-high,1
736.50804598,677.3862069,Epithelial,1
738.3225058,1788.23897912,MF_1,1
742.13981763,219.69148936,Epithelial,1
737.11331445,1912.35410765,Epithelial,1
742.44897959,169.00255102,Epithelial,1
741.86925795,1682.56890459,Epithelial,1
736.85018727,1809.31835206,CD11c-high,1
737.73913043,987.87826087,Epithelial,1
738.25603865,1969.68115942,MF_1,1
747.15953947,194.68256579,Epithelial,1
738.99166667,855.3,Epithelial,1
741.13567839,1750.25628141,MF_1,1
743.2,1186.83076923,Epithelial,1
749.59618718,1490.08665511,Epithelial,1
749.12590799,1017.33414044,Tumor/EGFR,1
762.3027933,1163.49497207,Epithelial,1
755.28891509,612.57665094,Tumor/EGFR,1
751.91466083,802.91247265,Epithelial,1
752.45,1243.35357143,Epithelial,1
749.09311741,878.04048583,Epithelial,1
757.23549488,1611.64505119,Epithelial,1
750.80685358,1866.40031153,CD11c-high,1
747.56617647,1760.26470588,MF_1,1
753.67655786,431.21364985,Epithelial,1
751.1314741,1419.98007968,CD8T,1
754.02118644,1312.07627119,Epithelial,1
757.18582375,2006.2816092,Epithelial,1
753.42916667,678.37916667,Epithelial,1
755.24193548,856.83179724,Epithelial,1
755.95774648,1075.93192488,Epithelial,1
760.65031983,1038.20682303,Tumor/EGFR,1
755.39607843,1782.48235294,MF_1,1
764.84516129,250.45591398,Epithelial,1
755.8,736.82564103,Epithelial,1
765.84024896,1985.31742739,Epithelial,1
763.98565574,710.68032787,Epithelial,1
758.3640553,1270.95391705,Epithelial,1
771.94892473,585.3718638,Epithelial,1
762.3540146,187.85766423,Epithelial,1
759.38947368,1678.55263158,Epithelial,1
761.37869822,1406.92899408,Epithelial,1
774.2377451,51.5747549,Other,1
769.39530988,639.13065327,Epithelial,1
770.73555166,1589.36077058,Epithelial,1
778.41495042,539.74141876,Epithelial,1
770.48395722,319.31016043,Epithelial,1
776.5092707,1018.80098888,Tumor/EGFR,1
773.02758621,337.5908046,Epithelial,1
773.23373494,747.23614458,Epithelial,1
772.71330275,678.45183486,Tumor/EGFR,1
769.4047619,871.3015873,Epithelial,1
773.11575563,852.31832797,Epithelial,1
773.03669725,2014.66972477,MF_1,1
782.14699074,298.85648148,Epithelial,1
770.11827957,797.87096774,Epithelial,1
781.06493506,961.30519481,Epithelial,1
776.97777778,158.11717172,Epithelial,1
781.4218107,1682.19135802,Epithelial,1
787.05304212,1067.29641186,Epithelial,1
778.35460993,704.46808511,Epithelial,1
780.307393,1508.26070039,MF_1,1
788.89139344,654.41598361,Tumor/EGFR,1
794.51736527,1803.54730539,Epithelial,1
789.26096033,277.12734864,Epithelial,1
785.38176638,1158.46153846,Epithelial,1
781.71428571,1982.4702381,Epithelial,1
790.70246085,45.89709172,Epithelial,1
784.49006623,827.41059603,Epithelial,1
784.95918367,1579.73469388,Epithelial,1
797.66024518,1670.16112084,Epithelial,1
803.17582418,571.24175824,Epithelial,1
791.61892583,331.68286445,Epithelial,1
797.53818828,995.48845471,Tumor/EGFR,1
789.60714286,1590.16071429,Epithelial,1
798.06361323,1385.97964377,Epithelial,1
798.89719626,1459.37149533,Epithelial,1
803.57511381,1024.58877086,Tumor/EGFR,1
806.98367347,1058.86938776,Tumor/EGFR,1
809.54401154,358.3982684,Epithelial,1
807.57881463,390.90668348,Epithelial,1
806.94878706,319.78975741,Epithelial,1
806.83730159,977.65873016,Tumor/EGFR,1
808.11619718,277.78873239,Epithelial,1
809.75565611,546.68325792,Tumor/EGFR,1
813.75167785,658.66666667,Epithelial,1
813.18151815,1781.92079208,Epithelial,1
808.35971223,298.66546763,Epithelial,1
810.95785441,336.9348659,Epithelial,1
816.65226337,102.0781893,Epithelial,1
819.44176707,1506.84337349,Epithelial,1
822.90201465,163.25732601,Epithelial,1
817.86734694,1003.10969388,Tumor/EGFR,1
814.98333333,1452.925,Epithelial,1
816.59574468,1571.43971631,Epithelial,1
830.01677852,911.74328859,Epithelial,1
826.56462585,443.04421769,Epithelial,1
820.72891566,540.07831325,Tumor/EGFR,1
824.3266129,1731.36290323,Epithelial,1
835.18651363,1250.17647059,Epithelial,1
831.56118143,1978.60759494,CD8T,1
823.27855153,302.32311978,Epithelial,1
825.29455446,376.13366337,Epithelial,1
831.6900369,992.29889299,Tumor/EGFR,1
831.61182109,1764.36261981,Epithelial,1
830.76033058,765.92561983,Epithelial,1
845.86766917,1570.83558897,Epithelial,1
828.07331378,336.21994135,Epithelial,1
835.15613383,1474.07063197,Epithelial,1
837.5,1522.57802548,Epithelial,1
839.5130814,1346.40697674,Epithelial,1
831.95073892,1455.21674877,Epithelial,1
846.20700637,1492.81210191,Epithelial,1
840.08175182,1955.93576642,CD8T,1
842.09839572,666.13262032,Epithelial,1
836.95566502,1784.98522167,Epithelial,1
841.09052925,1913.68941504,Epithelial,1
838.42022472,312.46741573,Epithelial,1
837.0726257,1224.7150838,Epithelial,1
839.546875,1654.890625,Epithelial,1
842.68865979,1723.35257732,Epithelial,1
844.67054264,376.17635659,Epithelial,1
845.06903353,421.56410256,Epithelial,1
855.58178752,1031.68887015,Epithelial,1
843.07098765,706.72839506,Epithelial,1
858.44617913,1093.74938373,Tumor/EGFR,1
855.84291188,1618.87969349,Tumor/EGFR,1
851.0252809,988.20786517,Tumor/EGFR,1
849.15298507,1807.39179104,Other,1
851.30810811,720.05945946,Epithelial,1
850.99285714,908.42857143,CD11c-high,1
852.8125,1995.68382353,Epithelial,1
851.7250996,306.7250996,Epithelial,1
863.55327468,497.06940371,Epithelial,1
854.70121951,1744.68292683,Other,1
853.17989418,1756.16402116,Epithelial,1
850.72649573,1006.26495726,Epithelial,1
861.82645804,411.22332859,Epithelial,1
857.58754864,699.75486381,Tumor/EGFR,1
853.12272727,1777.15909091,Epithelial,1
855.58461538,32.93076923,Epithelial,1
859.39375,1341.1875,Epithelial,1
864.96830428,1977.54358162,Epithelial,1
857.41618497,1469.62716763,Epithelial,1
859.61162791,151.0255814,Epithelial,1
858.07936508,1222.94444444,Epithelial,1
866.61268781,1059.29716194,Epithelial,1
865.82103321,650.10885609,Tumor/EGFR,1
859.28229665,1907.76076555,Epithelial,1
866.28,1696.81230769,Epithelial,1
858.62234043,1950.77659574,Other,1
862.90283401,375.33198381,MF_1,1
869.7678245,1586.80438757,Epithelial,1
873.07020281,174.99531981,Epithelial,1
874.9395667,470.57240593,Epithelial,1
864.88505747,712.7816092,Epithelial,1
868.98689956,1484.65938865,Epithelial,1
877.8597973,405.84966216,Epithelial,1
878.07777778,808.11111111,Epithelial,1
885.08747045,1234.40425532,Epithelial,1
881.0952381,636.06722689,Epithelial,1
879.52694611,150.91616766,Epithelial,1
882.79352227,606.01012146,Epithelial,1
889.75116932,1517.74555659,Epithelial,1
885.45708583,1965.74051896,Epithelial,1
894.4181439,677.48070907,Epithelial,1
881.89204545,1127.34659091,Epithelial,1
883.71597633,313.77514793,CD8T,1
894.96679947,1008.7250996,Tumor/EGFR,1
889.69063181,1052.42265795,Epithelial,1
900.62653374,1096.4041411,Epithelial,1
900.01476977,1547.09470026,Epithelial,1
888.12311558,389.49497487,MF_1,1
889.0456621,1581.6803653,Epithelial,1
890.36036036,463.53453453,Epithelial,1
893.58227848,653.19409283,Epithelial,1
900.59850374,803.6234414,Epithelial,1
902.42728636,1627.97901049,Epithelial,1
899.02578797,1913.81661891,Epithelial,1
900.33858268,246.74409449,Epithelial,1
900.4691358,311.18765432,Epithelial,1
912.36764706,624.94537815,Tumor/EGFR,1
897.11711712,463.31531532,Epithelial,1
901.42352941,1032.57058824,Epithelial,1
901.23287671,597.71917808,Epithelial,1
906.82336957,1834.5,Other,1
908.20449438,393.92359551,MF_1,1
906.95762712,821.01694915,Epithelial,1
908.32996633,419.13131313,Epithelial,1
926.86259542,1252.92257361,Epithelial,1
914.08102345,658.73773987,Epithelial,1
912.52083333,434.734375,Epithelial,1
910.74468085,1233.01702128,Epithelial,1
911.64159292,1943.30973451,CD8T,1
918.19546742,735.15864023,Epithelial,1
932.15021459,913.59313305,Epithelial,1
916.59055118,1906.75065617,Epithelial,1
921.41450777,472.88082902,Epithelial,1
927.25970549,594.07630522,Epithelial,1
927.0078637,1076.81913499,Epithelial,1
930.68776824,1616.10944206,Tumor/EGFR,1
922.88157895,806.66052632,Epithelial,1
927.48402948,1165.86977887,Epithelial,1
920.07333333,1282.89333333,Epithelial,1
931.92490119,1710.58893281,Other,1
924.92672414,490.76293103,Epithelial,1
925.09504132,1294.89256198,Epithelial,1
934.59930314,1544.41231127,Epithelial,1
928.42735043,644.77777778,Tumor/EGFR,1
929.11111111,652.65555556,Tumor/EGFR,1
936.97050938,933.05630027,Epithelial,1
933.68051118,1119.86261981,Epithelial,1
940.38944365,184.52924394,Epithelial,1
943.17765814,688.46702557,Epithelial,1
937.32421053,232.07789474,Epithelial,1
938.07948244,1920.76709797,CD4T,1
930.91578947,1901.75789474,Epithelial,1
944.6126021,260.51808635,MF_1,1
941.52764977,666.57603687,Tumor/EGFR,1
947.42363878,734.53519256,MF_1,1
940.09160305,800.16030534,Epithelial,1
944.77083333,818.33630952,Epithelial,1
958.62988281,858.47265625,Tumor/EGFR,1
949.32,785.88,Epithelial,1
957.43633952,649.72944297,Epithelial,1
948.0,805.24657534,Epithelial,1
958.956,1582.219,Epithelial,1
956.7433414,1187.70217918,Epithelial,1
953.77837838,1529.95135135,MF_1,1
954.57429719,174.41767068,CD8T,1
964.82217782,1044.68531469,Epithelial,1
976.37340153,1347.68115942,Epithelial,1
963.73898305,833.15932203,Tumor/EGFR,1
952.24264706,1606.69117647,Epithelial,1
954.97090909,227.86909091,Epithelial,1
957.87159533,1070.76264591,Epithelial,1
956.51388889,1915.58796296,CD11c-high,1
966.86618445,42.87703436,Epithelial,1
956.43534483,1698.2887931,Epithelial,1
962.35670732,898.46036585,Epithelial,1
965.80318091,574.13518887,Epithelial,1
961.36082474,1679.78350515,CD4T,1
970.65432099,741.61728395,Epithelial,1
965.20992366,511.98473282,Epithelial,1
965.9832636,1543.58158996,Epithelial,1
967.53806228,197.44982699,Other,1
971.95847751,1607.9083045,Epithelial,1
969.30769231,1836.42857143,Other,1
973.53846154,240.40589198,Epithelial,1
974.734375,914.06770833,Epithelial,1
969.30128205,1523.39102564,Epithelial,1
972.90983607,1667.07103825,CD8T,1
971.15025907,1689.9015544,CD4T,1
978.700611,2005.57230143,Epithelial,1
973.28506787,1073.59728507,Epithelial,1
979.30555556,449.16203704,Epithelial,1
980.38461538,820.09954751,Tumor/EGFR,1
980.88673139,893.49190939,Epithelial,1
991.17908082,1141.62916006,Tumor/EGFR,1
984.98973306,269.37371663,Epithelial,1
983.85170341,491.35270541,Epithelial,1
989.8048048,312.35885886,Epithelial,1
982.38164251,567.98067633,Epithelial,1
979.8974359,1533.2991453,Epithelial,1
1002.58293839,1032.79079215,Epithelial,1
993.86054422,1416.30442177,Epithelial,1
982.96069869,1581.06113537,Epithelial,1
982.7804878,202.09756098,CD8T,1
1002.88538682,873.23567335,Tumor/EGFR,1
986.6739726,1831.00547945,CD8T,1
986.86148649,741.68243243,Epithelial,1
993.37795276,1552.53937008,CD8T,1
987.86842105,1659.59649123,CD4T,1
995.77419355,1063.28273245,Epithelial,1
990.85294118,1094.36470588,Epithelial,1
989.79142857,1316.61714286,Epithelial,1
992.32860041,1617.23935091,MF_1,1
990.77777778,443.16239316,Epithelial,1
995.14153132,924.6937355,Epithelial,1
991.9675174,1120.00696056,Epithelial,1
997.21415929,1291.95929204,Epithelial,1
999.1704698,76.83087248,Epithelial,1
994.80167015,339.76409186,Epithelial,1
992.85428571,102.88,Other,1
1003.53282828,250.9469697,Tumor/EGFR,1
996.26530612,908.39591837,Epithelial,1
996.51282051,187.59340659,Epithelial,1
1009.04081633,616.7372449,Epithelial,1
1000.30310263,798.86396181,Mesenchymal/SMA,1
1001.63915094,829.08490566,Tumor/Keratin,1
1002.78755365,1195.19098712,CD8T,1
999.76857143,597.44,CD11c-high,1
999.77692308,486.03846154,Tumor/EGFR,1
1005.3816092,121.29425287,MF_1,1
1009.97384615,60.05846154,CD11c-high,1
1008.84615385,173.16826923,Epithelial,1
1014.95074946,1314.99036403,Epithelial,1
1011.04724409,1649.28818898,CD4T,1
1005.99652778,270.96180556,Epithelial,1
1009.0210084,1281.72268908,Epithelial,1
1010.11709602,423.95550351,Epithelial,1
1014.91129032,438.80913978,Tumor/EGFR,1
1008.37096774,1131.55645161,Epithelial,1
1004.96153846,393.05769231,Epithelial,1
1016.69078947,846.24342105,Tumor/Keratin,1
1014.34837093,1156.77694236,Epithelial,1
1007.17021277,1089.53723404,Other,1
1010.96907216,307.32731959,Epithelial,1
1009.46594982,1115.62007168,Mesenchymal/SMA,1
1010.25380711,1341.83248731,Epithelial,1
1009.90217391,1610.55434783,Epithelial,1
1008.11538462,238.67948718,Tumor/EGFR,1
1016.27368421,107.29736842,Epithelial,1
1019.45093458,334.11448598,Epithelial,1
1013.38285714,1546.38857143,Epithelial,1
1016.4516129,348.37903226,Epithelial,1
1016.20588235,811.17279412,Mesenchymal/SMA,1
1018.30152672,245.09160305,Tumor/EGFR,1
1019.14320388,283.6723301,Epithelial,1
1030.10663684,471.99776286,Tumor/EGFR,1
1015.84761905,593.54285714,MF_1,1
1020.72477064,1516.18348624,Epithelial,1
1015.54205607,1409.48598131,Epithelial,1
1031.09312977,365.67480916,Epithelial,1
1026.21103896,212.51785714,Epithelial,1
1024.03508772,929.60526316,Epithelial,1
1030.35585586,976.02252252,Epithelial,1
1028.13741722,1089.29470199,Epithelial,1
1025.39189189,895.28040541,CD8T,1
1027.24570025,1202.64127764,Epithelial,1
1045.50039463,1730.45146014,Epithelial,1
1026.10829103,1841.94585448,Epithelial,1
1029.28409091,735.03863636,Epithelial,1
1028.48578811,828.52713178,Mesenchymal/SMA,1
1029.38847118,1126.85839599,Epithelial,1
1037.29317269,502.29718876,Epithelial,1
1023.34146341,312.85365854,Epithelial,1
1031.54154728,625.77363897,Epithelial,1
1029.0,418.52808989,Epithelial,1
1033.02578797,296.48137536,Epithelial,1
1031.11178248,1052.43202417,Epithelial,1
1031.89308176,1642.35849057,Epithelial,1
1037.01162791,173.57906977,Epithelial,1
1037.92417062,957.52606635,Epithelial,1
1038.55817378,323.86745214,Epithelial,1
1041.34934498,870.36244541,Tumor/Keratin,1
1034.82098765,906.00617284,CD8T,1
1039.15111111,442.10444444,Tumor/EGFR,1
1044.82042254,645.33626761,Epithelial,1
1036.56578947,815.20723684,Epithelial,1
1048.98352941,1172.97176471,Epithelial,1
1044.53028264,150.28263795,Tumor/Keratin,1
1039.22916667,1509.609375,Epithelial,1
1041.41064639,52.47908745,Epithelial,1
1053.94713656,104.29515419,Epithelial,1
1044.62900763,1031.27022901,Tumor/EGFR,1
1042.9744898,1568.9005102,CD11c-high,1
1045.18037975,892.69936709,MF_2,1
1043.83878505,1003.77102804,Tumor/EGFR,1
1044.17307692,728.22596154,Epithelial,1
1054.34325186,1702.24973433,CD8T,1
1048.71474359,199.25160256,Epithelial,1
1047.31343284,1245.18976546,Epithelial,1
1049.05426357,1204.8120155,Epithelial,1
1047.921875,1357.115625,CD11c-high,1
1049.5042735,1811.0997151,Tumor/EGFR,1
1043.29569892,1839.42473118,Epithelial,1
1054.10267857,853.16964286,Mesenchymal/SMA,1
1052.44507042,265.95211268,Epithelial,1
1055.57079646,1790.14823009,Epithelial,1
1049.19230769,291.32417582,Epithelial,1
1053.81268882,623.68882175,Epithelial,1
1052.57272727,1830.20909091,Epithelial,1
1054.01930502,305.66409266,Epithelial,1
1051.42307692,360.51748252,Epithelial,1
1061.16262976,252.36851211,Epithelial,1
1056.54990926,1129.01814882,Epithelial,1
1055.51528384,949.32751092,Epithelial,1
1060.6102719,177.06344411,Tumor/Keratin,1
1066.29801325,476.82649007,Epithelial,1
1059.63817097,60.84691849,Other,1
1060.83969466,573.21374046,Epithelial,1
1057.00456621,323.24200913,Tumor/EGFR,1
1065.72545757,389.02995008,Epithelial,1
1056.13888889,437.45833333,Epithelial,1
1054.17894737,970.67368421,Tumor/EGFR,1
1064.59872611,641.81210191,Epithelial,1
1069.22298456,746.32847341,Epithelial,1
1064.85373134,1976.16716418,Other,1
1065.01644737,227.98355263,Epithelial,1
1067.56382979,1191.34042553,Epithelial,1
1063.08115942,143.69275362,Epithelial,1
1055.13953488,496.48837209,Epithelial,1
1060.8974359,1000.66346154,Epithelial,1
1066.68627451,678.20833333,Epithelial,1
1062.34275618,1024.66431095,Tumor/EGFR,1
1065.25,1239.81746032,Epithelial,1
1062.02919708,499.18248175,Epithelial,1
1066.8452381,878.78571429,Endothelial/Vim,1
1065.35329341,1308.04191617,Epithelial,1
1075.43622921,99.20332717,Epithelial,1
1077.11316872,1804.74691358,Epithelial,1
1068.24855491,427.98843931,Epithelial,1
1070.13513514,1204.14864865,Epithelial,1
1077.68865741,1066.21180556,Epithelial,1
1067.38624339,2007.9047619,Epithelial,1
1086.95897436,386.86739927,Epithelial,1
1069.37853107,443.23728814,Mesenchymal/SMA,1
1082.73322148,79.01677852,CD11c-high,1
1073.05555556,1128.2745098,Epithelial,1
1081.80457746,594.41549296,Epithelial,1
1079.38461538,1171.40045249,Epithelial,1
1079.14225941,530.97280335,Epithelial,1
1083.82276119,1154.125,Tumor/EGFR,1
1072.22857143,53.99285714,Other,1
1075.01492537,1962.91791045,Epithelial,1
1085.17579251,319.49567723,Epithelial,1
1086.646,567.928,Epithelial,1
1077.06557377,1701.97377049,Epithelial,1
1080.73092369,726.46987952,Epithelial,1
1084.77402597,1609.56363636,Epithelial,1
1082.6,148.75254237,Epithelial,1
1093.50682261,188.63255361,Tumor/EGFR,1
1091.09068924,866.90689238,Epithelial,1
1082.38022814,887.8365019,Endothelial/Vim,1
1083.4379085,1974.84313725,Epithelial,1
1100.67316342,246.41304348,Epithelial,1
1088.28980892,462.37579618,Epithelial,1
1081.09405941,57.13861386,Other,1
1090.9375765,693.15789474,Epithelial,1
1085.52808989,1187.08426966,Epithelial,1
1094.66826923,478.95432692,Epithelial,1
1092.07221007,641.45733042,Epithelial,1
1090.60583942,500.3649635,Epithelial,1
1093.8715415,1129.98023715,Tumor/EGFR,1
1089.57446809,548.76595745,Epithelial,1
1093.35820896,748.1119403,Epithelial,1
1099.76360225,1023.95684803,Epithelial,1
1100.87769784,515.3705036,Epithelial,1
1102.28232759,1344.63793103,Epithelial,1
1099.42934783,534.89673913,Tumor/EGFR,1
1106.04142012,1884.92544379,Epithelial,1
1104.2902439,561.86097561,Epithelial,1
1102.23660714,588.79017857,Other,1
1097.43225806,1178.51612903,Tumor/EGFR,1
1103.29321383,1810.78361076,Epithelial,1
1099.52564103,340.06410256,Epithelial,1
1106.5329087,683.47133758,Epithelial,1
1106.54106776,1062.9825462,Tumor/EGFR,1
1110.22823985,315.92263056,Epithelial,1
1118.84532374,1408.71582734,Epithelial,1
1108.60903733,1640.68369352,Epithelial,1
1108.25539568,857.44244604,Epithelial,1
1111.06379585,1152.66826156,Tumor/EGFR,1
1114.10082645,267.39338843,Epithelial,1
1124.38514548,385.08192956,Tumor/EGFR,1
1110.76223776,635.01398601,Epithelial,1
1116.8630137,415.64488936,Tumor/EGFR,1
1111.87894737,1125.25263158,Epithelial,1
1112.12612613,472.68468468,Epithelial,1
1110.54112554,651.25108225,Epithelial,1
1114.16858238,1906.03065134,Epithelial,1
1116.31325301,821.44277108,Epithelial,1
1117.53246753,1170.15584416,Epithelial,1
1116.988,91.236,CD11c-high,1
1116.87020649,339.66371681,Epithelial,1
1118.36060606,555.31515152,Epithelial,1
1123.38475836,1660.39591078,CD4T,1
1121.14420804,220.26241135,Epithelial,1
1124.75764706,1804.49411765,Epithelial,1
1118.01550388,1824.32945736,Epithelial,1
1124.78897638,195.22047244,Epithelial,1
1125.50729927,1080.44525547,Epithelial,1
1126.92110454,309.62919132,Mesenchymal/SMA,1
1122.64202335,444.87937743,Epithelial,1
1131.99881657,1004.0,Epithelial,1
1121.72093023,1339.66976744,Epithelial,1
1132.47229917,283.25207756,Epithelial,1
1137.76170656,362.25078044,Epithelial,1
1123.22222222,1628.53333333,Epithelial,1
1140.84031414,238.78010471,Epithelial,1
1130.97716895,1638.84931507,Epithelial,1
1136.52930057,85.29867675,Epithelial,1
1138.72108108,1893.78378378,Epithelial,1
1131.69369369,460.21171171,Other,1
1142.47265625,748.77473958,Tumor/EGFR,1
1135.90769231,1625.08205128,Epithelial,1
1144.26682135,411.98143852,Tumor/EGFR,1
1139.77637131,190.16033755,Epithelial,1
1151.68775236,862.25975774,Tumor/EGFR,1
1143.63135593,464.03389831,CD11c-high,1
1157.15689655,890.78448276,Epithelial,1
1149.2710496,1138.75778547,Epithelial,1
1142.61711712,1654.97297297,CD8T,1
1155.47197309,307.32511211,Epithelial,1
1145.29663609,1968.22324159,MF_1,1
1155.89173228,990.98031496,Tumor/EGFR,1
1158.94736842,1179.38651316,Epithelial,1
1156.17532468,32.3961039,CD11c-high,1
1154.93,384.37333333,Epithelial,1
1157.97635135,578.96283784,Epithelial,1
1152.51724138,280.80689655,Epithelial,1
1170.82231405,446.00826446,Epithelial,1
1154.81981982,79.36036036,Epithelial,1
1175.77897574,338.64330638,Tumor/EGFR,1
1168.3538175,756.36312849,Tumor/EGFR,1
1163.21495327,1890.06308411,Epithelial,1
1164.02058824,773.82352941,Tumor/EGFR,1
1165.26484018,623.28310502,Other,1
1161.06103286,1962.16901408,Other,1
1168.99415205,183.1622807,MF_1,1
1163.33908046,482.77011494,Epithelial,1
1164.15346535,563.65346535,Epithelial,1
1168.19710145,607.46086957,Epithelial,1
1179.0719312,1027.39014855,Tumor/EGFR,1
1165.17647059,1300.45454545,Other,1
1169.97904192,291.48502994,Epithelial,1
1178.52838063,418.92654424,Epithelial,1
1168.32777778,1121.83888889,Tumor/EGFR,1
1168.39245283,1137.43396226,Epithelial,1
1173.30451866,1321.07269155,CD4T,1
1183.93834772,1384.85819975,Epithelial,1
1172.72834646,357.82677165,Tumor/EGFR,1
1178.56537753,747.03314917,Epithelial,1
1187.31282586,378.77372263,Epithelial,1
1174.55,640.7,Other,1
1176.59570662,798.20572451,Epithelial,1
1172.93939394,982.83333333,Epithelial,1
1183.48103792,490.54291417,Epithelial,1
1183.35521236,571.56756757,Epithelial,1
1176.70697674,1004.62325581,Epithelial,1
1183.90771812,532.73322148,Other,1
1179.55944056,619.58041958,Epithelial,1
1174.50931677,854.80124224,Epithelial,1
1186.05508982,901.43233533,Epithelial,1
1188.96352584,1354.97264438,Epithelial,1
1182.51070336,269.96330275,Epithelial,1
1187.63157895,1153.89244851,MF_1,1
1179.11111111,1170.0952381,Epithelial,1
1185.74739583,306.6015625,Tumor/Keratin,1
1188.68825911,285.48178138,Tumor/EGFR,1
1185.99175824,176.72527473,Epithelial,1
1195.10606061,1095.84848485,Tumor/EGFR,1
1184.60869565,1178.2173913,Epithelial,1
1189.29189189,736.88648649,Epithelial,1
1196.19901316,645.80098684,Other,1
1198.80797482,974.43756558,Epithelial,1
1191.12938005,1317.23719677,Epithelial,1
1196.84810127,594.64135021,Epithelial,1
1203.72635815,1168.54929577,Epithelial,1
1205.71111111,790.09578544,Epithelial,1
1200.53679654,268.07792208,Epithelial,1
1208.00576923,300.22692308,Epithelial,1
1215.51979781,880.33277169,Tumor/EGFR,1
1206.45438596,175.12280702,Epithelial,1
1210.9,584.36129032,Epithelial,1
1212.64989059,1444.38840263,Epithelial,1
1206.56650246,1148.87192118,Epithelial,1
1207.94198895,203.12430939,Epithelial,1
1202.2706422,351.4587156,Tumor/EGFR,1
1208.3040293,566.13919414,Epithelial,1
1223.93253968,420.56349206,Epithelial,1
1210.88719512,833.39939024,Tumor/EGFR,1
1218.8807947,851.05463576,Epithelial,1
1215.78039216,341.48627451,Tumor/EGFR,1
1213.93233083,638.59899749,MF_1,1
1217.57919255,1358.52018634,Other,1
1220.10828025,281.76008493,Epithelial,1
1219.84913793,391.5387931,Epithelial,1
1223.9548105,1105.52186589,Epithelial,1
1219.84345048,963.08626198,Epithelial,1
1216.62650602,1179.75301205,Epithelial,1
1226.81938911,365.93227092,Tumor/EGFR,1
1227.59541985,198.04071247,Epithelial,1
1218.73333333,769.22857143,Epithelial,1
1227.84148398,821.64924115,Epithelial,1
1226.98406375,929.09163347,Epithelial,1
1231.03094778,1124.72727273,Epithelial,1
1218.48484848,978.98989899,Tumor/EGFR,1
1231.16077739,1639.35335689,Other,1
1226.60606061,216.63299663,Epithelial,1
1228.51167728,602.0,Epithelial,1
1226.78076063,1002.42058166,Epithelial,1
1231.18696398,93.26758148,CD11c-high,1
1222.9261745,171.61744966,Epithelial,1
1230.25063291,576.43797468,Epithelial,1
1230.93154034,1186.11491443,Epithelial,1
1234.24533333,1436.33333333,Epithelial,1
1233.05482456,765.09429825,Epithelial,1
1230.56410256,503.29487179,MF_1,1
1230.5,787.2218543,Tumor/EGFR,1
1234.97463002,2007.81606765,Epithelial,1
1233.37894737,336.45614035,Epithelial,1
1238.28685259,940.52589641,Epithelial,1
1244.07044674,1359.04639175,Other,1
1238.90430622,842.49282297,Tumor/EGFR,1
1238.11,436.945,Epithelial,1
1239.59241706,863.02369668,Tumor/EGFR,1
1242.32198142,969.70588235,Epithelial,1
1246.80357143,1018.85227273,Tumor/EGFR,1
1241.91538462,210.33846154,Epithelial,1
1244.11960133,1149.3654485,Epithelial,1
1247.75569358,874.66873706,Tumor/EGFR,1
1251.3625498,1634.27888446,Epithelial,1
1253.17048711,44.53724928,Epithelial,1
1255.84731544,500.1090604,Epithelial,1
1247.12244898,1179.44897959,Epithelial,1
1254.70441989,385.84392265,Epithelial,1
1248.45848375,360.6967509,Tumor/EGFR,1
1253.87338804,825.77491208,Epithelial,1
1244.47586207,1101.94482759,Epithelial,1
1258.68360656,1199.87540984,Epithelial,1
1261.35056543,1316.49919225,Epithelial,1
1253.8976378,649.87204724,Epithelial,1
1262.42676056,122.0943662,Other,1
1253.00873362,519.71615721,MF_1,1
1256.0,1909.01171875,Epithelial,1
1253.46059113,752.74384236,MF_1,1
1253.83713355,2005.25081433,Epithelial,1
1257.24137931,605.15517241,CD8T,1
1264.69002123,1151.65180467,Epithelial,1
1268.45041816,362.16726404,Epithelial,1
1265.56888169,1360.22366288,CD11c-high,1
1268.18803419,922.0534188,Epithelial,1
1268.36403509,34.60526316,Epithelial,1
1265.868,404.248,Epithelial,1
1283.66217617,582.76787565,Other,1
1278.91912464,452.08563273,Tumor/EGFR,1
1271.81505728,547.97708674,Epithelial,1
1274.96192609,1031.09070549,Tumor/EGFR,1
1275.44339623,155.16194969,Epithelial,1
1272.92733017,517.38388626,Epithelial,1
1279.33813747,739.49778271,Epithelial,1
1272.55608215,1856.40442338,Epithelial,1
1271.85983827,643.76280323,CD11c-high,1
1273.33858268,614.74540682,Other,1
1272.17101449,810.17391304,Epithelial,1
1275.56712963,829.06944444,Epithelial,1
1275.41620112,1100.32122905,Epithelial,1
1281.10467706,1132.12026726,Tumor/EGFR,1
1277.42857143,2011.02325581,Other,1
1278.78753541,417.66005666,Epithelial,1
1288.00687285,327.55899198,CD11c-high,1
1286.78395062,605.20679012,Other,1
1282.17410714,1176.67633929,Epithelial,1
1278.65027322,1567.91803279,Epithelial,1
1293.72052846,362.32520325,Epithelial,1
1280.24822695,932.67375887,Epithelial,1
1283.12446352,119.49785408,Epithelial,1
1290.9010989,541.67692308,Epithelial,1
1290.73788546,386.24449339,Epithelial,1
1287.58208955,1845.69651741,Epithelial,1
1296.40398551,1650.72463768,Epithelial,1
1296.94992636,438.72901325,Tumor/EGFR,1
1298.07017544,1747.95087719,Epithelial,1
1294.24489796,1680.40362812,MF_1,1
1292.25641026,1808.18461538,Other,1
1309.37325905,33.67409471,MF_1,1
1302.44757033,315.07161125,CD11c-high,1
1298.91647856,513.00677201,Epithelial,1
1293.90789474,502.44736842,Epithelial,1
1296.80319149,684.66223404,MF_1,1
1298.11138614,1414.32920792,CD11c-high,1
1294.79802956,2009.23152709,Other,1
1294.93229167,1019.99479167,Epithelial,1
1295.45276873,1211.11400651,Epithelial,1
1301.47495362,1186.0445269,Other,1
1327.81201335,448.53948832,Tumor/EGFR,1
1302.425,115.15,Epithelial,1
1302.80205279,168.80498534,Epithelial,1
1306.19072165,1233.94587629,Epithelial,1
1305.248307,729.93002257,Tumor/EGFR,1
1306.6109589,1860.95616438,Epithelial,1
1309.95666667,874.48,Epithelial,1
1308.6460177,1216.12389381,Epithelial,1
1311.81675393,693.81675393,MF_1,1
1322.02096986,1402.9095675,CD11c-high,1
1307.5380117,1694.08187135,Other,1
1309.19148936,1641.82978723,Epithelial,1
1317.91386555,545.03361345,Epithelial,1
1316.63230241,1742.25429553,Other,1
1320.47940866,944.37592397,Tumor/EGFR,1
1320.66101695,1687.50847458,MF_1,1
1318.42708333,890.38888889,Epithelial,1
1313.61403509,1278.5,Other,1
1323.53030303,680.54166667,MF_1,1
1328.09425626,736.61708395,Tumor/EGFR,1
1324.06408094,822.16020236,Epithelial,1
1323.55889724,1845.23057644,Other,1
1322.21782178,1178.18151815,Other,1
1325.87951807,63.56626506,Epithelial,1
1322.54084507,156.4028169,MF_1,1
1320.61006289,172.06289308,Epithelial,1
1323.21468927,1210.01694915,Epithelial,1
1324.61993769,1227.42990654,Epithelial,1
1330.03649635,1194.09854015,MF_1,1
1327.96812749,871.98804781,Epithelial,1
1331.5751634,1597.66666667,MF_1,1
1336.2970297,1683.85891089,MF_1,1
1340.54371585,845.15846995,Other,1
1338.41503268,754.74836601,Epithelial,1
1343.20599251,819.43258427,Epithelial,1
1351.0894198,105.97133106,Epithelial,1
1349.4340836,438.80064309,Epithelial,1
1341.355,909.445,Epithelial,1
1347.70077008,1109.83608361,Epithelial,1
1335.03703704,884.39814815,Mesenchymal/SMA,1
1347.41463415,1753.24542683,Epithelial,1
1340.39148936,1840.80851064,Epithelial,1
1341.68786127,60.80924855,Epithelial,1
1351.74033149,1037.17334254,Epithelial,1
1346.44991511,1178.63837012,Epithelial,1
1346.92798913,1814.25271739,Epithelial,1
1347.55585464,953.7039031,Epithelial,1
1351.72952854,37.92307692,Epithelial,1
1347.57051282,981.50641026,Epithelial,1
1348.84962406,728.96992481,Epithelial,1
1361.77676121,1138.05032022,Epithelial,1
1354.24189526,1396.42144638,CD11c-high,1
1358.83492823,1219.42105263,Epithelial,1
1354.61087866,489.59832636,Tumor/EGFR,1
1357.18894009,511.31336406,Epithelial,1
1359.1958457,577.20178042,Epithelial,1
1362.11696658,71.44601542,Epithelial,1
1360.52890173,246.55780347,Epithelial,1
1357.34782609,839.82608696,Epithelial,1
1365.52919708,1747.04744526,Epithelial,1
1363.6440678,938.61299435,Epithelial,1
1363.16923077,975.46923077,Epithelial,1
1367.79370629,564.3986014,MF_1,1
1370.00479233,1475.93610224,CD11c-high,1
1365.02604167,680.39583333,Epithelial,1
1366.74369748,1431.96638655,Epithelial,1
1365.26392962,1811.0058651,CD8T,1
1365.88489209,462.26618705,Epithelial,1
1373.35238095,953.51111111,Epithelial,1
1373.53566009,482.50227618,Epithelial,1
1368.02314815,1019.54166667,Epithelial,1
1372.59589041,552.3630137,Epithelial,1
1379.35162791,1177.16,Epithelial,1
1371.71052632,1901.18218623,Other,1
1369.61276596,1831.82553191,MF_1,2
1371.58273381,1391.18705036,Epithelial,1
1373.96527778,211.50347222,Epithelial,1
1370.93710692,226.11320755,Epithelial,1
1375.73428571,335.05142857,Epithelial,1
1381.39855072,890.00724638,Epithelial,1
1376.26060606,504.34242424,Epithelial,1
1376.11965812,1213.27350427,Epithelial,1
1375.33691756,1775.09677419,MF_1,2
1373.80327869,191.71584699,Epithelial,1
1382.22083333,972.42708333,Epithelial,1
1383.67816092,65.24904215,Epithelial,1
1378.88841202,633.58798283,Epithelial,1
1386.46085409,870.53024911,Epithelial,1
1382.08139535,936.11627907,Epithelial,1
1387.34740883,1231.35700576,Epithelial,1
1386.27386541,1853.08450704,MF_1,2
1385.34625323,107.04392765,Epithelial,1
1385.27616279,1483.95348837,MF_1,1
1387.23741007,849.46402878,Epithelial,1
1395.17321867,1094.94348894,Tumor/EGFR,1
1389.97742664,198.60722348,Epithelial,1
1400.36116323,1138.4587242,Epithelial,1
1389.71161049,1896.29962547,Other,2
1391.87619048,1155.23809524,Epithelial,1
1388.24770642,547.75229358,Epithelial,1
1397.21395349,223.2,Epithelial,1
1399.78208232,240.30992736,Epithelial,1
1397.0861244,1933.38995215,Neutrophil,2
1401.15617716,948.06060606,Epithelial,1
1396.75126904,967.60913706,Epithelial,1
1399.56862745,918.7372549,Epithelial,1
1409.14808362,182.33623693,Epithelial,1
1405.07058824,1689.37254902,CD8T,2
1406.2890625,34.7890625,Other,1
1406.7776,70.1648,Epithelial,1
1404.10178117,1458.08142494,Other,1
1405.34513274,1224.13716814,Epithelial,1
1401.90948276,1477.18965517,MF/Glia,1
1409.42230347,118.6691042,Epithelial,1
1403.07792208,1080.53246753,Epithelial,1
1403.42361111,1175.35416667,Tumor/EGFR,1
1402.46,1850.99,Epithelial,2
1406.51461988,199.71929825,Epithelial,1
1414.63140496,862.92727273,Epithelial,1
1408.76086957,1301.37318841,Epithelial,1
1405.67708333,965.64583333,Epithelial,1
1415.01822917,927.90885417,Epithelial,1
1414.04852941,499.35882353,Epithelial,1
1417.02600473,378.60992908,Epithelial,1
1416.59854015,1403.15328467,CD8T,1
1415.36842105,988.91689751,Epithelial,1
1418.06666667,1716.23448276,Epithelial,2
1414.48070175,435.90877193,Epithelial,1
1425.7825,1240.43,Epithelial,1
1415.29360465,1857.44767442,CD8T,2
1421.35978836,474.07936508,Epithelial,1
1419.94866071,1052.48883929,Epithelial,1
1415.43378995,1928.456621,Epithelial,2
1418.69333333,519.80666667,Epithelial,1
1418.75,944.16,Epithelial,1
1426.02669405,1004.81519507,Epithelial,1
1420.33050847,528.44067797,Epithelial,1
1426.45807771,1093.71165644,Tumor/EGFR,1
1424.65577342,1132.28976035,Tumor/EGFR,1
1418.15277778,1681.34027778,Epithelial,2
1425.58843537,424.04421769,Epithelial,1
1426.3785558,763.08971554,Epithelial,1
1430.50951374,1111.7589852,Epithelial,1
1426.34563758,1072.04362416,Epithelial,1
1421.96595745,1452.68510638,Epithelial,1
1430.14826498,1391.81388013,Epithelial,1
1429.46666667,1635.64210526,Epithelial,2
1430.48547718,441.53112033,Epithelial,1
1436.86356073,963.85856905,Epithelial,1
1431.97878788,492.5969697,Epithelial,1
1442.61781609,375.57471264,Epithelial,1
1431.81111111,1413.83333333,CD8T,1
1433.04605263,1710.13815789,Epithelial,2
1433.33445946,922.19932432,Tumor/EGFR,1
1438.07605634,1020.08169014,Epithelial,1
1446.09640523,991.76470588,Epithelial,1
1438.85422741,1055.61516035,Epithelial,1
1440.15633423,1184.81401617,Epithelial,1
1435.98214286,1810.64285714,MF_1,2
1450.64727273,71.39878788,MF_1,1
1441.91943128,1469.88151659,Epithelial,1
1451.35435435,40.74474474,Other,1
1442.11894273,427.79735683,Epithelial,1
1443.25806452,1491.91733871,Epithelial,1
1443.31308411,1557.20093458,CD8T,1
1444.07834101,757.82488479,Epithelial,1
1458.2800418,1138.01253918,Epithelial,1
1453.89984825,408.27314112,Epithelial,1
1451.44806517,507.72301426,Epithelial,1
1442.87974684,1388.70253165,Epithelial,1
1448.20936639,1930.42424242,Epithelial,2
1450.44342508,264.81039755,Epithelial,1
1448.53281853,1235.25096525,Epithelial,1
1448.78947368,488.31954887,Epithelial,1
1455.77292576,1101.05458515,Epithelial,1
1452.47163121,1815.03191489,MF_1,2
1454.88333333,979.13333333,Epithelial,1
1457.32470588,1412.95529412,CD8T,1
1458.14642857,367.87142857,Epithelial,1
1456.15261044,1180.34538153,Epithelial,1
1466.46014493,921.30072464,Tumor/EGFR,1
1466.04878049,1163.29268293,Epithelial,1
1461.74770642,1906.98394495,MF_1,2
1467.21501706,1025.03754266,Tumor/EGFR,1
1463.69966997,277.25082508,Epithelial,1
1463.27037037,132.05555556,MF_1,1
1471.55737705,88.92714026,Epithelial,1
1471.07906296,946.55929722,Epithelial,1
1465.37681159,1199.26449275,Epithelial,1
1460.73509934,1488.64238411,Other,1
1472.86547085,1042.31165919,Epithelial,1
1467.97052632,1577.92631579,Epithelial,1
1470.17021277,233.41371158,Epithelial,1
1471.32098765,1301.00740741,CD8T,1
1472.80720339,1382.01483051,Epithelial,1
1470.07824726,1808.61032864,MF_1,2
1475.01988636,265.39204545,Epithelial,1
1471.99519231,401.73557692,Epithelial,1
1475.47239264,289.79141104,Epithelial,1
1476.9692623,1233.65368852,Epithelial,1
1477.48643411,442.84689922,Epithelial,1
1483.02349869,34.78590078,Epithelial,1
1478.50722022,1267.15884477,Epithelial,1
1475.85520362,142.84615385,Epithelial,1
1479.23746702,1668.70976253,Epithelial,2
1475.03482587,1409.31343284,Epithelial,1
1479.48648649,1902.83783784,MF_1,2
1480.09574468,2002.78368794,Other,2
1484.92121212,1108.95959596,Epithelial,1
1482.72340426,373.47234043,Epithelial,1
1483.0037594,1054.73684211,Epithelial,1
1491.97899838,969.03877221,Epithelial,1
1485.39483395,1348.94095941,CD11c-high,1
1491.37660256,494.34775641,Epithelial,1
1485.91463415,1336.08536585,CD11c-high,1
1487.103125,1617.56875,CD8T,1
1486.05555556,1574.44074074,Epithelial,1
1492.37298387,460.5141129,MF_1,1
1503.58610039,1135.78223938,Mesenchymal/SMA,1
1487.86255924,1294.61137441,CD8T,1
1495.1025641,78.04029304,Other,1
1493.86573146,1383.98396794,Epithelial,1
1500.8801898,1776.95373665,CD8T,2
1488.23322684,1805.06070288,CD8T,2
1501.05864198,1937.63477366,CD8T,2
1494.25230203,417.47697974,Epithelial,1
1497.12522361,827.46690519,Epithelial,1
1505.79196704,1188.22657055,Epithelial,1
1494.65013774,1957.60881543,Epithelial,2
1501.98451613,899.07870968,Tumor/EGFR,1
1490.32857143,1028.15,Tumor/EGFR,1
1505.08214286,47.62142857,CD8T,1
1490.49,283.69,Epithelial,1
1491.26415094,853.31132075,Tumor/EGFR,1
1492.32738095,1405.32738095,Epithelial,1
1495.58471761,1263.71760797,CD8T,1
1498.61295181,2000.91415663,CD11c-high,2
1495.80357143,1228.61309524,Epithelial,1
1502.21505376,1458.90967742,MF_1,1
1497.76859504,1478.07438017,Other,1
1512.34529703,1688.11262376,CD8T,2
1497.8277027,1047.34797297,Tumor/EGFR,1
1501.60465116,1103.17054264,Epithelial,1
1498.10465116,1889.37209302,DC,2
1511.56638418,1248.53389831,Other,1
1505.47136564,1854.48237885,Epithelial,2
1508.77217391,958.53217391,Tumor/EGFR,1
1506.31578947,31.90526316,Epithelial,1
1512.54527559,865.77755906,Epithelial,1
1510.64201183,487.60650888,Epithelial,1
1522.18085106,835.19326241,Mesenchymal/SMA,1
1516.40301318,423.53107345,Epithelial,1
1513.20599251,72.76404494,Epithelial,1
1514.23432343,1703.97359736,Epithelial,2
1517.58227848,1771.06329114,Epithelial,2
1513.65562914,1897.47019868,DC,2
1521.98117647,1882.49882353,MF_1,1
1527.66976744,1057.12170543,Epithelial,1
1516.53465347,828.52475248,Epithelial,1
1524.7279597,811.18891688,Epithelial,1
1529.50257732,925.44329897,Tumor/EGFR,1
1525.36818182,1868.91363636,MF_1,2
1516.76923077,1998.08284024,Epithelial,2
1522.67462687,1279.44179104,MF_1,1
1527.8003663,1853.6959707,CD4T,2
1530.54719235,1984.7646356,Endothelial/Vim,2
1530.29864253,371.64253394,Epithelial,1
1527.24435318,1938.03901437,DC,2
1527.40518639,969.40032415,Epithelial,1
1528.65743945,1261.75432526,CD11c-high,1
1531.88709677,859.67204301,Mesenchymal/SMA,1
1533.87283237,1333.50867052,MF_1,1
1537.45348837,31.68023256,Epithelial,1
1528.99061033,1904.0,DC,2
1541.24979184,901.36969192,Epithelial,1
1534.50614251,1139.73218673,Epithelial,1
1536.96153846,453.68269231,Mesenchymal/SMA,1
1531.00641026,1176.31410256,Epithelial,1
1541.98402556,475.4057508,Epithelial,1
1539.42345924,1243.31610338,CD8T,1
1536.17098446,418.58031088,Tumor/EGFR,1
1543.71380471,1002.21717172,Epithelial,1
1534.4137931,1389.95862069,Epithelial,1
1545.49371634,166.21184919,Epithelial,1
1543.41798942,1343.91534392,MF_1,1
1540.74369748,1356.46638655,MF_1,1
1540.4265233,1280.83512545,CD8T,1
1541.24757282,1883.08252427,Other,2
1540.49206349,1951.8015873,DC,2
1547.39795918,1964.81632653,CD8T,2
1553.54696133,1986.51565378,Epithelial,2
1543.44392523,965.35981308,Tumor/EGFR,1
1549.82080925,1723.65125241,CD8T,2
1551.84730539,1021.63772455,Epithelial,1
1554.20900901,1052.03783784,Epithelial,1
1557.22296173,1268.68552413,CD8T,1
1552.05382436,1570.101983,Other,1
1564.6198407,1118.0391021,Epithelial,1
1554.1875,1903.62797619,Neutrophil,2
1550.23728814,2006.62146893,Endothelial/Vim,2
1555.37209302,884.90697674,Epithelial,1
1556.86222222,1882.31111111,MF_1,2
1555.93023256,928.37209302,Epithelial,1
1563.77604167,1040.00260417,Epithelial,1
1556.87919463,1338.63087248,Epithelial,1
1559.76488095,1238.05952381,Epithelial,1
1562.22072937,1849.14971209,CD8T,2
1558.04395604,482.40659341,Epithelial,1
1571.5,1932.4,Epithelial,2
1560.01438849,157.68345324,Epithelial,1
1573.88269454,993.89198606,Epithelial,1
1563.433213,1439.90613718,Epithelial,1
1567.98319328,1457.5070028,Epithelial,1
1566.49324324,900.76351351,Epithelial,1
1563.95876289,1979.84536082,Epithelial,2
1567.34334764,935.90128755,Epithelial,1
1573.34991708,1565.15091211,MF_1,1
1567.76752768,1719.63837638,Epithelial,2
1571.13513514,1947.24324324,Other,2
1571.60416667,124.25520833,Epithelial,1
1572.87083333,1879.14583333,Other,2
1577.91256831,1667.03825137,Epithelial,2
1573.76833977,2008.8996139,Endothelial/Vim,2
1585.5620438,475.23065693,Epithelial,1
1580.43091335,493.70491803,Epithelial,1
1573.22222222,1985.05185185,Epithelial,2
1581.25531915,79.38104449,CD8T,1
1580.14285714,1965.10781671,Mesenchymal/SMA,2
1577.09345794,1138.62616822,Epithelial,1
1585.5959596,1633.98556999,CD8T,1
1583.6843318,1272.53686636,MF_1,1
1583.52272727,416.33766234,Epithelial,1
1583.29681979,433.75618375,Epithelial,1
1582.21671018,1443.61096606,Epithelial,1
1581.26022305,1843.84758364,Epithelial,2
1593.57979502,1874.83894583,Other,2
1590.75631769,2004.48555957,Epithelial,2
1583.73469388,1336.43367347,Epithelial,1
1588.18028846,121.94471154,CD4T,1
1589.58754864,1926.6459144,MF_1,2
1597.03896104,1037.32359307,Epithelial,1
1601.33557611,1104.4137931,Epithelial,1
1592.68306011,203.44535519,CD4T,1
1595.3962704,1131.36363636,Epithelial,1
1595.01694915,1013.03389831,Epithelial,1
1592.39189189,1348.40540541,Epithelial,1
1600.69133192,456.45031712,Epithelial,1
1602.85846868,1070.26914153,Epithelial,1
1597.50592885,1566.44466403,MF_1,1
1598.53968254,1670.73015873,Epithelial,2
1602.24164524,91.64652956,MF_1,1
1600.07782101,413.0311284,Epithelial,1
1606.29271357,1596.80778894,Epithelial,1
1595.13559322,90.22033898,Other,1
1599.88669951,431.97044335,Epithelial,1
1602.85245902,473.43169399,Epithelial,1
1609.05006258,1334.68585732,Epithelial,1
1610.99217527,1824.61815336,Epithelial,2
1618.72839506,965.337132,Epithelial,1
1611.37398374,1626.0,CD8T,1
1607.88311688,1999.40909091,Epithelial,2
1609.72390572,1400.52188552,Epithelial,1
1619.40747843,1010.39884947,Epithelial,1
1614.5626327,1560.04458599,Epithelial,1
1617.37229437,1875.60606061,CD4T,2
1617.51971326,1850.35842294,Other,2
1621.06972477,87.08807339,MF_1,1
1625.671875,1307.27901786,Epithelial,1
1618.48888889,129.17777778,MF_1,1
1620.2394958,1090.82352941,Epithelial,1
1620.255,1391.86,Epithelial,1
1624.26681614,447.34529148,Epithelial,1
1629.56353591,1819.74585635,Epithelial,2
1628.57874016,523.28740157,Epithelial,1
1634.73815461,1263.33665835,Epithelial,1
1633.37931034,1399.79310345,Epithelial,1
1636.06371191,2010.35734072,CD8T,2
1642.49452055,114.93287671,Epithelial,1
1637.44759207,1328.84985836,Epithelial,1
1634.63991323,1854.4208243,MF_1,2
1638.70229008,1944.89694656,Other,2
1637.8,1476.1047619,CD8T,1
1642.81444992,1973.45320197,Epithelial,2
1643.13736264,1390.98351648,Epithelial,1
1655.90092166,1720.67281106,Epithelial,2
1652.99672131,1847.84590164,Epithelial,2
1655.65783664,1112.47682119,Epithelial,1
1653.1511254,1866.62057878,MF_1,2
1654.28163265,1069.07346939,Epithelial,1
1655.17477876,1239.8960177,Epithelial,1
1657.63102999,1318.87483703,Epithelial,1
1658.5942275,1406.29711375,Epithelial,1
1656.37710438,1487.8013468,Other,1
1662.90925267,1040.14412811,Epithelial,1
1655.37307692,1941.0,CD11c-high,2
1663.06451613,927.10685484,Epithelial,1
1658.71382637,1914.23794212,Epithelial,2
1679.35334714,1356.11594203,Epithelial,1
1663.91351351,1929.47027027,Other,2
1662.8875,958.375,Epithelial,1
1670.70718232,1901.98066298,MF_1,1
1661.14765101,1967.44295302,Epithelial,2
1666.70480549,1091.67505721,Epithelial,1
1673.79594017,1259.56196581,Epithelial,1
1668.27058824,1602.56235294,MF_1,1
1670.09589041,1503.79908676,MF_1,1
1675.87765957,1309.17553191,Epithelial,1
1682.5950096,1491.88099808,Other,1
1692.25269203,959.65613783,Epithelial,1
1679.13476562,1966.6796875,MF_1,1
1678.21348315,1395.89325843,Epithelial,1
1686.20744681,1945.65691489,MF_1,1
1676.96153846,1407.43269231,Epithelial,1
1683.71320755,1337.11320755,Epithelial,1
1692.28641251,1026.97556207,Epithelial,1
1691.71664549,239.78653113,Epithelial,1
1686.174946,1090.0237581,Epithelial,1
1685.49186992,1598.07317073,Epithelial,1
1688.21269841,1899.2,MF_1,1
1704.63669951,1460.06773399,Other,1
1695.95652174,1246.48792271,Tumor/EGFR,1
1699.65441176,1937.11029412,Epithelial,1
1702.8,1076.95740741,Epithelial,1
1716.22391304,1021.68043478,Epithelial,1
1718.779978,1321.82728273,Epithelial,1
1718.04685408,1247.16064257,Epithelial,1
1717.42857143,1154.15343915,Epithelial,1
1720.44774011,1071.0579096,Epithelial,1
1715.81547619,1965.67857143,Epithelial,1
1720.46428571,954.64540816,Epithelial,1
1719.75,823.73369565,Epithelial,1
1723.60077519,1419.05813953,Epithelial,1
1733.94371728,1292.15837696,Epithelial,1
1738.94391408,1823.47374702,Epithelial,1
1734.83448276,1265.16551724,Epithelial,1
1735.6011236,973.39044944,Epithelial,1
1735.08959538,393.36127168,MF_1,1
1729.59036145,1017.86746988,Epithelial,1
1734.37647059,1741.94411765,MF_1,1
1745.09836066,1009.33697632,Epithelial,1
1738.25477707,1410.1656051,Epithelial,1
1744.43127962,988.35545024,Epithelial,1
1743.03141361,1334.37434555,Epithelial,1
1740.93650794,1023.5,Epithelial,1
1742.74275362,1035.70289855,Epithelial,1
1747.97974684,382.89113924,CD8T,1
1744.47435897,1424.32051282,Epithelial,1
1749.6010929,1953.29508197,Other,1
1752.28301887,1256.66037736,Epithelial,1
1747.36875,1751.94375,MF_1,1
1751.74269006,1736.44444444,Other,1
1764.78690629,1073.64313222,Epithelial,1
1764.87440758,1023.77962085,Epithelial,1
1754.98684211,1402.74342105,Tumor/EGFR,1
1763.02067183,1417.12661499,Epithelial,1
1769.10443038,995.36708861,Epithelial,1
1763.78991597,1273.87114846,Epithelial,1
1757.5049505,970.54455446,Epithelial,1
1766.8744186,373.28372093,CD8T,1
1761.84673367,1753.28894472,MF_1,1
1765.40686275,982.35294118,Epithelial,1
1769.40858209,870.10820896,Epithelial,1
1762.48387097,1819.44239631,Other,1
1769.11048159,1356.85127479,Epithelial,1
1766.41194969,1862.05345912,MF_1,1
1765.67111111,1912.14666667,Epithelial,1
1785.13333333,384.57352941,CD8T,1
1769.66,1005.06,Epithelial,1
1767.37267081,1460.63354037,Epithelial,1
1777.73643411,1879.24418605,MF_1,1
1775.73101266,1263.08227848,Epithelial,1
1780.08285714,1055.6,Epithelial,1
1775.23287671,2012.47945205,Other,1
1776.32967033,1748.36630037,Other,1
1781.99328859,341.66107383,MF_1,1
1780.02214022,891.53505535,Tumor/EGFR,1
1785.96495327,1345.23831776,Epithelial,1
1784.41690962,1421.1574344,Epithelial,1
1783.28901734,1468.23699422,Epithelial,1
1798.15375,1009.12875,Epithelial,1
1784.95833333,1857.82407407,MF_1,1
1788.84866469,1304.69139466,Epithelial,1
1797.05239521,1280.20508982,MF_1,1
1795.11182109,899.44728435,Tumor/EGFR,1
1797.17647059,1320.35294118,Epithelial,1
1809.1928038,1956.74813306,Epithelial,1
1802.43363844,1382.6784897,Epithelial,1
1800.63149079,1411.94639866,Epithelial,1
1806.25520111,878.36477115,Epithelial,1
1795.68361582,1097.59322034,Epithelial,1
1797.39354839,1871.55806452,MF_1,1
1802.16774194,1798.77634409,Epithelial,1
1801.59855769,1112.72115385,Epithelial,1
1806.98,914.78,Tumor/EGFR,1
1802.08992806,1341.16546763,Epithelial,1
1806.28488372,363.29651163,MF_1,1
1811.7038835,449.31877023,Epithelial,1
1806.56153846,940.41923077,Epithelial,1
1809.02197802,399.57142857,Other,1
1810.99285714,373.95,MF_1,1
1812.55269321,714.77283372,Epithelial,1
1822.20433996,387.920434,Other,1
1816.04060914,1267.51522843,CD11c-high,1
1812.23529412,1422.16339869,Epithelial,1
1822.84393064,285.0539499,CD8T,1
1815.32258065,895.96129032,Epithelial,1
1827.32425422,1096.7846952,Epithelial,1
1823.90491284,1732.20602219,Epithelial,1
1817.28846154,1367.53846154,Epithelial,1
1824.28571429,1991.41005291,Epithelial,1
1820.14545455,1404.56818182,Epithelial,1
1835.45274914,1286.45790378,MF_1,1
1830.1443299,1709.34707904,Epithelial,1
1827.32741117,1773.60152284,Epithelial,1
1826.38392857,36.41964286,Epithelial,1
1827.69333333,889.98666667,Epithelial,1
1828.03583062,1238.03908795,Epithelial,1
1824.74178404,1377.92018779,Epithelial,1
1828.97959184,708.87755102,Epithelial,1
1836.15357766,1796.27399651,Epithelial,1
1830.80676329,905.07729469,Epithelial,1
1834.10087719,835.30482456,Other,1
1845.09240924,820.71122112,Neutrophil,1
1839.89054054,1337.79864865,CD4T,1
1840.76592083,373.07228916,Epithelial,1
1832.0751634,443.72875817,Epithelial,1
1840.61290323,1757.39170507,CD4T,1
1834.52517986,1261.98561151,Epithelial,1
1848.41799544,1871.11958998,Epithelial,1
1834.41935484,1962.22580645,Epithelial,1
1840.3902439,32.25203252,Epithelial,1
1848.23244147,1451.44147157,Other,1
1851.3254902,1151.56862745,Epithelial,1
1842.30530973,887.38495575,Epithelial,1
1844.20216606,1700.81588448,Epithelial,1
1847.29770992,1239.3307888,Epithelial,1
1852.21173104,1736.31902718,CD4T,1
1848.08641975,297.28888889,Epithelial,1
1857.51612903,913.91666667,CD11c-high,1
1851.12354312,239.83682984,Epithelial,1
1853.71900826,1322.96143251,CD11c-high,1
1853.76344086,45.93763441,Other,1
1852.68858131,1433.28373702,Other,1
1851.17298578,1781.85545024,Epithelial,1
1864.44716495,415.47938144,Epithelial,1
1853.6,1582.2,Epithelial,1
1857.99764151,278.2759434,CD4T,1
1869.40603248,1366.48491879,Epithelial,1
1862.79258242,1712.89835165,Epithelial,1
1862.23432343,349.28382838,Endothelial/Vim,1
1865.42947103,379.60453401,Epithelial,1
1867.22772277,1043.45148515,Epithelial,1
1860.13636364,1752.04545455,CD4T,1
1863.50862069,815.43534483,Epithelial,1
1876.32230704,864.56318914,Epithelial,1
1868.11702128,1142.82624113,Epithelial,1
1868.33333333,264.61764706,CD8T,1
1866.34441805,306.90498812,CD8T,1
1867.22413793,1317.31609195,CD11c-high,1
1880.63674322,1801.08559499,MF_1,1
1870.73809524,38.8531746,Epithelial,1
1870.35542169,1429.42771084,Other,1
1871.92808989,1450.2741573,MF_2,1
1879.59555556,2005.72444444,CD8T,1
1873.36486486,118.69594595,Epithelial,1
1878.79444444,320.36666667,Epithelial,1
1893.54326923,405.92788462,Epithelial,1
1878.09722222,1153.79861111,Epithelial,1
1879.87684729,1327.93103448,CD11c-high,1
1880.48175182,296.74452555,Epithelial,1
1887.45555556,1339.55925926,CD11c-high,1
1885.36407767,1038.80097087,Epithelial,1
1891.22222222,253.15802469,Epithelial,1
1884.34939759,305.53012048,Epithelial,1
1885.26358696,377.33967391,Epithelial,1
1882.5,849.44117647,Epithelial,1
1894.09160305,1411.30534351,Epithelial,1
1883.20634921,265.19047619,Epithelial,1
1900.04826546,1861.77978884,Epithelial,1
1904.5124195,976.1149954,CD8T,1
1892.72240803,1620.9264214,Other,1
1894.90606654,319.47553816,Epithelial,1
1900.27031019,231.10635155,Epithelial,1
1894.64227642,899.43902439,Epithelial,1
1898.77083333,2001.35714286,Endothelial/Vim,1
1899.41842105,1302.44210526,Epithelial,1
1905.78904992,1843.96135266,Epithelial,1
1899.50246305,1473.85714286,CD4T,1
1904.46572104,1119.38061466,Epithelial,1
1902.94554455,787.18811881,Epithelial,1
1910.90401146,100.63753582,Epithelial,1
1905.43973214,869.59375,Epithelial,1
1912.92914654,1442.25120773,Epithelial,1
1912.13014827,1005.51565074,Epithelial,1
1905.59692308,1794.33538462,MF_1,1
1909.41276596,262.21276596,Epithelial,1
1908.27916667,1618.375,CD8T,1
1910.965,1407.415,Epithelial,1
1911.9037037,314.3037037,Epithelial,1
1917.12618297,1953.170347,Epithelial,1
1914.5477707,417.92356688,Epithelial,1
1925.42644628,1373.15867769,Epithelial,1
1920.3699284,681.60859189,Epithelial,1
1929.76183432,276.87721893,Epithelial,1
1919.40555556,731.60277778,Epithelial,1
1919.96467391,221.63315217,Epithelial,1
1919.92405063,863.36708861,Epithelial,1
1919.86,781.065,Epithelial,1
1927.43223443,1720.06776557,Epithelial,1
1926.42436975,1114.69327731,Epithelial,1
1922.29375,1125.96875,Epithelial,1
1930.23076923,178.42183623,Epithelial,1
1931.22,1870.89384615,Epithelial,1
1934.26,1437.74,Epithelial,1
1933.43037975,1455.03797468,CD8T,1
1943.49853372,661.78445748,Epithelial,1
1931.91735537,1079.16115702,Epithelial,1
1935.22368421,1465.81140351,CD8T,1
1931.58992806,1166.64748201,CD11c-high,1
1935.74165202,1929.20913884,Epithelial,1
1938.43909348,1262.82436261,Epithelial,1
1933.8984375,724.421875,Epithelial,1
1945.48881239,990.5060241,Epithelial,1
1937.07643312,1349.75796178,Other,1
1937.82467532,679.62337662,Epithelial,1
1945.49287169,1909.88594705,Epithelial,1
1941.98432602,1367.36050157,Other,1
1949.90077821,196.04280156,Epithelial,1
1946.46993318,1398.19376392,Epithelial,1
1952.44274809,1643.60877863,Epithelial,1
1952.68443497,1073.6098081,Epithelial,1
1949.46843854,123.49501661,Epithelial,1
1954.78039216,317.50588235,Epithelial,1
1942.896,1085.536,Epithelial,1
1949.63728814,234.74915254,CD8T,1
1947.55862069,1450.93103448,Epithelial,1
1945.04310345,1716.53448276,CD8T,1
1952.66277372,1868.47445255,Epithelial,1
1957.590625,333.221875,Epithelial,1
1959.69749518,1711.0,MF_1,1
1960.15570934,1693.25951557,MF_1,1
1955.99685535,1678.44654088,MF_1,1
1954.81395349,866.09302326,Epithelial,1
1953.80851064,1265.21276596,Epithelial,1
1958.45738636,1930.23295455,Epithelial,1
1959.96052632,249.56140351,CD8T,1
1968.09142857,1899.44114286,Epithelial,1
1959.0,1255.3,Epithelial,1
1961.47093023,1634.26162791,Epithelial,1
1964.21034483,1435.07068966,Epithelial,1
1962.64401294,1392.10032362,Epithelial,1
1961.68200837,1768.12970711,Epithelial,1
1963.72169811,984.17924528,Epithelial,1
1967.81818182,1782.99706745,Epithelial,1
1970.44343066,1994.13138686,Epithelial,1
1970.92965779,167.2243346,Epithelial,1
1973.63043478,359.01304348,Epithelial,1
1964.75342466,1003.47945205,Epithelial,1
1974.50175439,1674.90526316,Other,1
1979.34166667,1688.6,DC,1
1975.06028369,1926.71985816,Epithelial,1
1987.43760684,347.71452991,Epithelial,1
1977.15686275,996.11764706,Epithelial,1
1978.35205993,1704.66292135,Other,1
1981.5984456,1473.89637306,MF_1,1
1981.66323907,1429.96143959,Epithelial,1
1982.21914894,1753.19787234,Epithelial,1
1982.95749441,1973.25055928,Epithelial,1
1991.15645161,1092.39032258,Epithelial,1
1988.13675214,828.32763533,Epithelial,1
1982.11111111,1454.28888889,CD11c-high,1
1988.94814815,1939.95925926,Epithelial,1
1989.09939759,1833.79518072,Epithelial,1
1988.76211454,161.81057269,Epithelial,1
1994.29336735,844.30867347,Epithelial,1
1988.86178862,1197.13821138,CD8T,1
1990.03658537,1894.73658537,Tumor/EGFR,1
1996.558,1602.556,MF_1,1
1991.06910569,1990.01219512,Epithelial,1
1992.3354232,1923.32915361,Epithelial,1
1995.3630363,379.75907591,Epithelial,1
1997.95801527,1523.25572519,Epithelial,1
1996.61012658,1406.33670886,Epithelial,1
2003.7484472,252.86645963,Epithelial,1
2004.93785311,465.55932203,Epithelial,1
1995.96258503,780.59183673,Epithelial,1
2003.05727554,1446.26625387,Epithelial,1
2004.30405405,1558.85135135,Epithelial,1
2005.56011315,1069.07779349,Epithelial,1
1999.964,1748.12,Epithelial,1
2001.88732394,1968.42957746,Epithelial,1
2005.31864407,1494.18305085,MF_1,1
2008.59655172,371.02758621,Epithelial,1
2004.88770053,1982.57754011,Epithelial,1
2007.68981481,1832.83333333,Epithelial,1
2010.04859335,577.86189258,Endothelial/Vim,1
2006.31800766,1904.46360153,Tumor/EGFR,1
2007.56617647,822.97058824,Epithelial,1
2009.83881579,1929.20394737,Epithelial,1
2011.48087432,1596.26229508,Epithelial,1
2011.69626168,836.98130841,Epithelial,1
2013.98076923,1576.90384615,CD8T,1
2014.43283582,880.08208955,Other,1
2014.59333333,1395.16666667,CD8T,1
2014.8,1435.08571429,Epithelial,1
2014.58441558,243.90909091,Epithelial,1
2014.93846154,1272.6,CD8T,1
2014.7030303,1516.65454545,DC,1
2015.90769231,1551.78461538,Other,1
2015.43571429,1902.94285714,Tumor/EGFR,1
